Butterfly/google0.jpg,Butterfly,0,0
Butterfly/google1.jpg,Butterfly,1,0
Butterfly/google10.jpg,Butterfly,2,0
Butterfly/google100.jpg,Butterfly,3,0
Butterfly/google101.jpg,Butterfly,4,0
Butterfly/google102.jpg,Butterfly,5,0
Butterfly/google103.jpg,Butterfly,6,0
Butterfly/google104.jpg,Butterfly,7,0
Butterfly/google105.jpg,Butterfly,8,0
Butterfly/google107.jpg,Butterfly,9,0
Butterfly/google109.jpg,Butterfly,10,0
Butterfly/google11.jpg,Butterfly,11,0
Butterfly/google110.jpg,Butterfly,12,0
Butterfly/google111.jpg,Butterfly,13,0
Butterfly/google112.jpg,Butterfly,14,0
Butterfly/google113.jpg,Butterfly,15,0
Butterfly/google114.jpg,Butterfly,16,0
Butterfly/google118.jpg,Butterfly,17,0
Butterfly/google119.jpg,Butterfly,18,0
Butterfly/google12.jpg,Butterfly,19,0
Butterfly/google120.jpg,Butterfly,20,0
Butterfly/google121.jpg,Butterfly,21,0
Butterfly/google122.jpg,Butterfly,22,0
Butterfly/google123.jpg,Butterfly,23,0
Butterfly/google124.jpg,Butterfly,24,0
Butterfly/google125.jpg,Butterfly,25,0
Butterfly/google126.jpg,Butterfly,26,0
Butterfly/google127.jpg,Butterfly,27,0
Butterfly/google128.jpg,Butterfly,28,0
Butterfly/google129.jpg,Butterfly,29,0
Butterfly/google13.jpg,Butterfly,30,0
Butterfly/google130.jpg,Butterfly,31,0
Butterfly/google131.jpg,Butterfly,32,0
Butterfly/google132.jpg,Butterfly,33,0
Butterfly/google133.jpg,Butterfly,34,0
Butterfly/google134.jpg,Butterfly,35,0
Butterfly/google135.jpg,Butterfly,36,0
Butterfly/google136.jpg,Butterfly,37,0
Butterfly/google137.jpg,Butterfly,38,0
Butterfly/google138.jpg,Butterfly,39,0
Butterfly/google139.jpg,Butterfly,40,0
Butterfly/google14.jpg,Butterfly,41,0
Butterfly/google141.jpg,Butterfly,42,0
Butterfly/google143.jpg,Butterfly,43,0
Butterfly/google144.jpg,Butterfly,44,0
Butterfly/google145.jpg,Butterfly,45,0
Butterfly/google146.jpg,Butterfly,46,0
Butterfly/google148.jpg,Butterfly,47,0
Butterfly/google149.jpg,Butterfly,48,0
Butterfly/google15.jpg,Butterfly,49,0
Butterfly/google150.jpg,Butterfly,50,0
Butterfly/google151.jpg,Butterfly,51,0
Butterfly/google152.jpg,Butterfly,52,0
Butterfly/google153.jpg,Butterfly,53,0
Butterfly/google154.jpg,Butterfly,54,0
Butterfly/google156.jpg,Butterfly,55,0
Butterfly/google157.jpg,Butterfly,56,0
Butterfly/google158.jpg,Butterfly,57,0
Butterfly/google159.jpg,Butterfly,58,0
Butterfly/google16.jpg,Butterfly,59,0
Butterfly/google163.jpg,Butterfly,60,0
Butterfly/google164.jpg,Butterfly,61,0
Butterfly/google165.jpg,Butterfly,62,0
Butterfly/google166.jpg,Butterfly,63,0
Butterfly/google168.jpg,Butterfly,64,0
Butterfly/google169.jpg,Butterfly,65,0
Butterfly/google17.jpg,Butterfly,66,0
Butterfly/google170.jpg,Butterfly,67,0
Butterfly/google171.jpg,Butterfly,68,0
Butterfly/google172.jpg,Butterfly,69,0
Butterfly/google173.jpg,Butterfly,70,0
Butterfly/google174.jpg,Butterfly,71,0
Butterfly/google175.jpg,Butterfly,72,0
Butterfly/google176.jpg,Butterfly,73,0
Butterfly/google177.jpg,Butterfly,74,0
Butterfly/google178.jpg,Butterfly,75,0
Butterfly/google179.jpg,Butterfly,76,0
Butterfly/google18.jpg,Butterfly,77,0
Butterfly/google180.jpg,Butterfly,78,0
Butterfly/google181.jpg,Butterfly,79,0
Butterfly/google182.jpg,Butterfly,80,0
Butterfly/google183.jpg,Butterfly,81,0
Butterfly/google184.jpg,Butterfly,82,0
Butterfly/google185.jpg,Butterfly,83,0
Butterfly/google186.jpg,Butterfly,84,0
Butterfly/google187.jpg,Butterfly,85,0
Butterfly/google188.jpg,Butterfly,86,0
Butterfly/google189.jpg,Butterfly,87,0
Butterfly/google19.jpg,Butterfly,88,0
Butterfly/google190.jpg,Butterfly,89,0
Butterfly/google191.jpg,Butterfly,90,0
Butterfly/google192.jpg,Butterfly,91,0
Butterfly/google193.jpg,Butterfly,92,0
Butterfly/google194.jpg,Butterfly,93,0
Butterfly/google195.jpg,Butterfly,94,0
Butterfly/google196.jpg,Butterfly,95,0
Butterfly/google197.jpg,Butterfly,96,0
Butterfly/google198.jpg,Butterfly,97,0
Butterfly/google199.jpg,Butterfly,98,0
Butterfly/google2.jpg,Butterfly,99,0
Butterfly/google20.jpg,Butterfly,100,0
Butterfly/google200.jpg,Butterfly,101,0
Butterfly/google201.jpg,Butterfly,102,0
Butterfly/google202.jpg,Butterfly,103,0
Butterfly/google203.jpg,Butterfly,104,0
Butterfly/google205.jpg,Butterfly,105,0
Butterfly/google206.jpg,Butterfly,106,0
Butterfly/google207.jpg,Butterfly,107,0
Butterfly/google21.jpg,Butterfly,108,0
Butterfly/google210.jpg,Butterfly,109,0
Butterfly/google213.jpg,Butterfly,110,0
Butterfly/google214.jpg,Butterfly,111,0
Butterfly/google215.jpg,Butterfly,112,0
Butterfly/google216.jpg,Butterfly,113,0
Butterfly/google217.jpg,Butterfly,114,0
Butterfly/google22.jpg,Butterfly,115,0
Butterfly/google220.jpg,Butterfly,116,0
Butterfly/google221.jpg,Butterfly,117,0
Butterfly/google222.jpg,Butterfly,118,0
Butterfly/google223.jpg,Butterfly,119,0
Butterfly/google224.jpg,Butterfly,120,0
Butterfly/google226.jpg,Butterfly,121,0
Butterfly/google227.jpg,Butterfly,122,0
Butterfly/google228.jpg,Butterfly,123,0
Butterfly/google229.jpg,Butterfly,124,0
Butterfly/google23.jpg,Butterfly,125,0
Butterfly/google230.jpg,Butterfly,126,0
Butterfly/google231.jpg,Butterfly,127,0
Butterfly/google232.jpg,Butterfly,128,0
Butterfly/google233.jpg,Butterfly,129,0
Butterfly/google234.jpg,Butterfly,130,0
Butterfly/google235.jpg,Butterfly,131,0
Butterfly/google236.jpg,Butterfly,132,0
Butterfly/google237.jpg,Butterfly,133,0
Butterfly/google238.jpg,Butterfly,134,0
Butterfly/google239.jpg,Butterfly,135,0
Butterfly/google24.jpg,Butterfly,136,0
Butterfly/google240.jpg,Butterfly,137,0
Butterfly/google241.jpg,Butterfly,138,0
Butterfly/google242.jpg,Butterfly,139,0
Butterfly/google243.jpg,Butterfly,140,0
Butterfly/google245.jpg,Butterfly,141,0
Butterfly/google246.jpg,Butterfly,142,0
Butterfly/google247.jpg,Butterfly,143,0
Butterfly/google248.jpg,Butterfly,144,0
Butterfly/google249.jpg,Butterfly,145,0
Butterfly/google25.jpg,Butterfly,146,0
Butterfly/google250.jpg,Butterfly,147,0
Butterfly/google251.jpg,Butterfly,148,0
Butterfly/google252.jpg,Butterfly,149,0
Butterfly/google253.jpg,Butterfly,150,0
Butterfly/google254.jpg,Butterfly,151,0
Butterfly/google255.jpg,Butterfly,152,0
Butterfly/google257.jpg,Butterfly,153,0
Butterfly/google258.jpg,Butterfly,154,0
Butterfly/google259.jpg,Butterfly,155,0
Butterfly/google26.jpg,Butterfly,156,0
Butterfly/google260.jpg,Butterfly,157,0
Butterfly/google262.jpg,Butterfly,158,0
Butterfly/google263.jpg,Butterfly,159,0
Butterfly/google264.jpg,Butterfly,160,0
Butterfly/google265.jpg,Butterfly,161,0
Butterfly/google266.jpg,Butterfly,162,0
Butterfly/google268.jpg,Butterfly,163,0
Butterfly/google269.jpg,Butterfly,164,0
Butterfly/google27.jpg,Butterfly,165,0
Butterfly/google271.jpg,Butterfly,166,0
Butterfly/google272.jpg,Butterfly,167,0
Butterfly/google273.jpg,Butterfly,168,0
Butterfly/google275.jpg,Butterfly,169,0
Butterfly/google276.jpg,Butterfly,170,0
Butterfly/google277.jpg,Butterfly,171,0
Butterfly/google278.jpg,Butterfly,172,0
Butterfly/google279.jpg,Butterfly,173,0
Butterfly/google281.jpg,Butterfly,174,0
Butterfly/google282.jpg,Butterfly,175,0
Butterfly/google285.jpg,Butterfly,176,0
Butterfly/google287.jpg,Butterfly,177,0
Butterfly/google288.jpg,Butterfly,178,0
Butterfly/google289.jpg,Butterfly,179,0
Butterfly/google29.jpg,Butterfly,180,0
Butterfly/google291.jpg,Butterfly,181,0
Butterfly/google292.jpg,Butterfly,182,0
Butterfly/google294.jpg,Butterfly,183,0
Butterfly/google295.jpg,Butterfly,184,0
Butterfly/google296.jpg,Butterfly,185,0
Butterfly/google297.jpg,Butterfly,186,0
Butterfly/google298.jpg,Butterfly,187,0
Butterfly/google299.jpg,Butterfly,188,0
Butterfly/google3.jpg,Butterfly,189,0
Butterfly/google30.jpg,Butterfly,190,0
Butterfly/google300.jpg,Butterfly,191,0
Butterfly/google301.jpg,Butterfly,192,0
Butterfly/google302.jpg,Butterfly,193,0
Butterfly/google303.jpg,Butterfly,194,0
Butterfly/google306.jpg,Butterfly,195,0
Butterfly/google307.jpg,Butterfly,196,0
Butterfly/google308.jpg,Butterfly,197,0
Butterfly/google309.jpg,Butterfly,198,0
Butterfly/google31.jpg,Butterfly,199,0
Butterfly/google310.jpg,Butterfly,200,0
Butterfly/google311.jpg,Butterfly,201,0
Butterfly/google312.jpg,Butterfly,202,0
Butterfly/google313.jpg,Butterfly,203,0
Butterfly/google314.jpg,Butterfly,204,0
Butterfly/google315.jpg,Butterfly,205,0
Butterfly/google318.jpg,Butterfly,206,0
Butterfly/google319.jpg,Butterfly,207,0
Butterfly/google32.jpg,Butterfly,208,0
Butterfly/google320.jpg,Butterfly,209,0
Butterfly/google321.jpg,Butterfly,210,0
Butterfly/google322.jpg,Butterfly,211,0
Butterfly/google323.jpg,Butterfly,212,0
Butterfly/google325.jpg,Butterfly,213,0
Butterfly/google326.jpg,Butterfly,214,0
Butterfly/google329.jpg,Butterfly,215,0
Butterfly/google33.jpg,Butterfly,216,0
Butterfly/google330.jpg,Butterfly,217,0
Butterfly/google331.jpg,Butterfly,218,0
Butterfly/google333.jpg,Butterfly,219,0
Butterfly/google334.jpg,Butterfly,220,0
Butterfly/google335.jpg,Butterfly,221,0
Butterfly/google336.jpg,Butterfly,222,0
Butterfly/google337.jpg,Butterfly,223,0
Butterfly/google338.jpg,Butterfly,224,0
Butterfly/google339.jpg,Butterfly,225,0
Butterfly/google34.jpg,Butterfly,226,0
Butterfly/google341.jpg,Butterfly,227,0
Butterfly/google342.jpg,Butterfly,228,0
Butterfly/google343.jpg,Butterfly,229,0
Butterfly/google344.jpg,Butterfly,230,0
Butterfly/google345.jpg,Butterfly,231,0
Butterfly/google346.jpg,Butterfly,232,0
Butterfly/google347.jpg,Butterfly,233,0
Butterfly/google349.jpg,Butterfly,234,0
Butterfly/google35.jpg,Butterfly,235,0
Butterfly/google350.jpg,Butterfly,236,0
Butterfly/google351.jpg,Butterfly,237,0
Butterfly/google352.jpg,Butterfly,238,0
Butterfly/google353.jpg,Butterfly,239,0
Butterfly/google354.jpg,Butterfly,240,0
Butterfly/google355.jpg,Butterfly,241,0
Butterfly/google356.jpg,Butterfly,242,0
Butterfly/google357.jpg,Butterfly,243,0
Butterfly/google359.jpg,Butterfly,244,0
Butterfly/google36.jpg,Butterfly,245,0
Butterfly/google360.jpg,Butterfly,246,0
Butterfly/google361.jpg,Butterfly,247,0
Butterfly/google362.jpg,Butterfly,248,0
Butterfly/google363.jpg,Butterfly,249,0
Butterfly/google364.jpg,Butterfly,250,0
Butterfly/google365.jpg,Butterfly,251,0
Butterfly/google366.jpg,Butterfly,252,0
Butterfly/google367.jpg,Butterfly,253,0
Butterfly/google368.jpg,Butterfly,254,0
Butterfly/google369.jpg,Butterfly,255,0
Butterfly/google37.jpg,Butterfly,256,0
Butterfly/google370.jpg,Butterfly,257,0
Butterfly/google371.jpg,Butterfly,258,0
Butterfly/google372.jpg,Butterfly,259,0
Butterfly/google373.jpg,Butterfly,260,0
Butterfly/google374.jpg,Butterfly,261,0
Butterfly/google375.jpg,Butterfly,262,0
Butterfly/google376.jpg,Butterfly,263,0
Butterfly/google377.jpg,Butterfly,264,0
Butterfly/google379.jpg,Butterfly,265,0
Butterfly/google38.jpg,Butterfly,266,0
Butterfly/google380.jpg,Butterfly,267,0
Butterfly/google381.jpg,Butterfly,268,0
Butterfly/google382.jpg,Butterfly,269,0
Butterfly/google383.jpg,Butterfly,270,0
Butterfly/google384.jpg,Butterfly,271,0
Butterfly/google385.jpg,Butterfly,272,0
Butterfly/google386.jpg,Butterfly,273,0
Butterfly/google387.jpg,Butterfly,274,0
Butterfly/google388.jpg,Butterfly,275,0
Butterfly/google389.jpg,Butterfly,276,0
Butterfly/google39.jpg,Butterfly,277,0
Butterfly/google390.jpg,Butterfly,278,0
Butterfly/google391.jpg,Butterfly,279,0
Butterfly/google392.jpg,Butterfly,280,0
Butterfly/google393.jpg,Butterfly,281,0
Butterfly/google394.jpg,Butterfly,282,0
Butterfly/google395.jpg,Butterfly,283,0
Butterfly/google396.jpg,Butterfly,284,0
Butterfly/google397.jpg,Butterfly,285,0
Butterfly/google398.jpg,Butterfly,286,0
Butterfly/google399.jpg,Butterfly,287,0
Butterfly/google4.jpg,Butterfly,288,0
Butterfly/google40.jpg,Butterfly,289,0
Butterfly/google400.jpg,Butterfly,290,0
Butterfly/google401.jpg,Butterfly,291,0
Butterfly/google402.jpg,Butterfly,292,0
Butterfly/google403.jpg,Butterfly,293,0
Butterfly/google404.jpg,Butterfly,294,0
Butterfly/google406.jpg,Butterfly,295,0
Butterfly/google407.jpg,Butterfly,296,0
Butterfly/google408.jpg,Butterfly,297,0
Butterfly/google409.jpg,Butterfly,298,0
Butterfly/google41.jpg,Butterfly,299,0
Butterfly/google410.jpg,Butterfly,300,0
Butterfly/google411.jpg,Butterfly,301,0
Butterfly/google412.jpg,Butterfly,302,0
Butterfly/google413.jpg,Butterfly,303,0
Butterfly/google414.jpg,Butterfly,304,0
Butterfly/google416.jpg,Butterfly,305,0
Butterfly/google419.jpg,Butterfly,306,0
Butterfly/google42.jpg,Butterfly,307,0
Butterfly/google420.jpg,Butterfly,308,0
Butterfly/google421.jpg,Butterfly,309,0
Butterfly/google422.jpg,Butterfly,310,0
Butterfly/google423.jpg,Butterfly,311,0
Butterfly/google424.jpg,Butterfly,312,0
Butterfly/google426.jpg,Butterfly,313,0
Butterfly/google427.jpg,Butterfly,314,0
Butterfly/google428.jpg,Butterfly,315,0
Butterfly/google429.jpg,Butterfly,316,0
Butterfly/google43.jpg,Butterfly,317,0
Butterfly/google432.jpg,Butterfly,318,0
Butterfly/google433.jpg,Butterfly,319,0
Butterfly/google434.jpg,Butterfly,320,0
Butterfly/google435.jpg,Butterfly,321,0
Butterfly/google436.jpg,Butterfly,322,0
Butterfly/google438.jpg,Butterfly,323,0
Butterfly/google439.jpg,Butterfly,324,0
Butterfly/google44.jpg,Butterfly,325,0
Butterfly/google440.jpg,Butterfly,326,0
Butterfly/google441.jpg,Butterfly,327,0
Butterfly/google442.jpg,Butterfly,328,0
Butterfly/google443.jpg,Butterfly,329,0
Butterfly/google446.jpg,Butterfly,330,0
Butterfly/google448.jpg,Butterfly,331,0
Butterfly/google449.jpg,Butterfly,332,0
Butterfly/google45.jpg,Butterfly,333,0
Butterfly/google452.jpg,Butterfly,334,0
Butterfly/google453.jpg,Butterfly,335,0
Butterfly/google454.jpg,Butterfly,336,0
Butterfly/google457.jpg,Butterfly,337,0
Butterfly/google458.jpg,Butterfly,338,0
Butterfly/google459.jpg,Butterfly,339,0
Butterfly/google46.jpg,Butterfly,340,0
Butterfly/google460.jpg,Butterfly,341,0
Butterfly/google461.jpg,Butterfly,342,0
Butterfly/google462.jpg,Butterfly,343,0
Butterfly/google463.jpg,Butterfly,344,0
Butterfly/google465.jpg,Butterfly,345,0
Butterfly/google466.jpg,Butterfly,346,0
Butterfly/google467.jpg,Butterfly,347,0
Butterfly/google468.jpg,Butterfly,348,0
Butterfly/google469.jpg,Butterfly,349,0
Butterfly/google47.jpg,Butterfly,350,0
Butterfly/google470.jpg,Butterfly,351,0
Butterfly/google471.jpg,Butterfly,352,0
Butterfly/google472.jpg,Butterfly,353,0
Butterfly/google473.jpg,Butterfly,354,0
Butterfly/google474.jpg,Butterfly,355,0
Butterfly/google475.jpg,Butterfly,356,0
Butterfly/google476.jpg,Butterfly,357,0
Butterfly/google477.jpg,Butterfly,358,0
Butterfly/google478.jpg,Butterfly,359,0
Butterfly/google479.jpg,Butterfly,360,0
Butterfly/google480.jpg,Butterfly,361,0
Butterfly/google481.jpg,Butterfly,362,0
Butterfly/google482.jpg,Butterfly,363,0
Butterfly/google484.jpg,Butterfly,364,0
Butterfly/google485.jpg,Butterfly,365,0
Butterfly/google486.jpg,Butterfly,366,0
Butterfly/google487.jpg,Butterfly,367,0
Butterfly/google488.jpg,Butterfly,368,0
Butterfly/google489.jpg,Butterfly,369,0
Butterfly/google49.jpg,Butterfly,370,0
Butterfly/google490.jpg,Butterfly,371,0
Butterfly/google492.jpg,Butterfly,372,0
Butterfly/google493.jpg,Butterfly,373,0
Butterfly/google494.jpg,Butterfly,374,0
Butterfly/google495.jpg,Butterfly,375,0
Butterfly/google497.jpg,Butterfly,376,0
Butterfly/google498.jpg,Butterfly,377,0
Butterfly/google499.jpg,Butterfly,378,0
Butterfly/google5.jpg,Butterfly,379,0
Butterfly/google50.jpg,Butterfly,380,0
Butterfly/google500.jpg,Butterfly,381,0
Butterfly/google502.jpg,Butterfly,382,0
Butterfly/google503.jpg,Butterfly,383,0
Butterfly/google504.jpg,Butterfly,384,0
Butterfly/google505.jpg,Butterfly,385,0
Butterfly/google506.jpg,Butterfly,386,0
Butterfly/google507.jpg,Butterfly,387,0
Butterfly/google508.jpg,Butterfly,388,0
Butterfly/google509.jpg,Butterfly,389,0
Butterfly/google51.jpg,Butterfly,390,0
Butterfly/google510.jpg,Butterfly,391,0
Butterfly/google511.jpg,Butterfly,392,0
Butterfly/google512.jpg,Butterfly,393,0
Butterfly/google514.jpg,Butterfly,394,0
Butterfly/google515.jpg,Butterfly,395,0
Butterfly/google517.jpg,Butterfly,396,0
Butterfly/google518.jpg,Butterfly,397,0
Butterfly/google519.jpg,Butterfly,398,0
Butterfly/google52.jpg,Butterfly,399,0
Butterfly/google520.jpg,Butterfly,400,0
Butterfly/google521.jpg,Butterfly,401,0
Butterfly/google522.jpg,Butterfly,402,0
Butterfly/google523.jpg,Butterfly,403,0
Butterfly/google524.jpg,Butterfly,404,0
Butterfly/google526.jpg,Butterfly,405,0
Butterfly/google527.jpg,Butterfly,406,0
Butterfly/google528.jpg,Butterfly,407,0
Butterfly/google529.jpg,Butterfly,408,0
Butterfly/google53.jpg,Butterfly,409,0
Butterfly/google530.jpg,Butterfly,410,0
Butterfly/google531.jpg,Butterfly,411,0
Butterfly/google532.jpg,Butterfly,412,0
Butterfly/google533.jpg,Butterfly,413,0
Butterfly/google534.jpg,Butterfly,414,0
Butterfly/google535.jpg,Butterfly,415,0
Butterfly/google536.jpg,Butterfly,416,0
Butterfly/google537.jpg,Butterfly,417,0
Butterfly/google538.jpg,Butterfly,418,0
Butterfly/google539.jpg,Butterfly,419,0
Butterfly/google54.jpg,Butterfly,420,0
Butterfly/google540.jpg,Butterfly,421,0
Butterfly/google541.jpg,Butterfly,422,0
Butterfly/google542.jpg,Butterfly,423,0
Butterfly/google543.jpg,Butterfly,424,0
Butterfly/google544.jpg,Butterfly,425,0
Butterfly/google545.jpg,Butterfly,426,0
Butterfly/google547.jpg,Butterfly,427,0
Butterfly/google548.jpg,Butterfly,428,0
Butterfly/google55.jpg,Butterfly,429,0
Butterfly/google550.jpg,Butterfly,430,0
Butterfly/google551.jpg,Butterfly,431,0
Butterfly/google552.jpg,Butterfly,432,0
Butterfly/google553.jpg,Butterfly,433,0
Butterfly/google554.jpg,Butterfly,434,0
Butterfly/google556.jpg,Butterfly,435,0
Butterfly/google557.jpg,Butterfly,436,0
Butterfly/google558.jpg,Butterfly,437,0
Butterfly/google559.jpg,Butterfly,438,0
Butterfly/google56.jpg,Butterfly,439,0
Butterfly/google560.jpg,Butterfly,440,0
Butterfly/google562.jpg,Butterfly,441,0
Butterfly/google563.jpg,Butterfly,442,0
Butterfly/google564.jpg,Butterfly,443,0
Butterfly/google565.jpg,Butterfly,444,0
Butterfly/google566.jpg,Butterfly,445,0
Butterfly/google567.jpg,Butterfly,446,0
Butterfly/google568.jpg,Butterfly,447,0
Butterfly/google569.jpg,Butterfly,448,0
Butterfly/google57.jpg,Butterfly,449,0
Butterfly/google570.jpg,Butterfly,450,0
Butterfly/google571.jpg,Butterfly,451,0
Butterfly/google573.jpg,Butterfly,452,0
Butterfly/google574.jpg,Butterfly,453,0
Butterfly/google575.jpg,Butterfly,454,0
Butterfly/google576.jpg,Butterfly,455,0
Butterfly/google578.jpg,Butterfly,456,0
Butterfly/google579.jpg,Butterfly,457,0
Butterfly/google580.jpg,Butterfly,458,0
Butterfly/google581.jpg,Butterfly,459,0
Butterfly/google582.jpg,Butterfly,460,0
Butterfly/google583.jpg,Butterfly,461,0
Butterfly/google584.jpg,Butterfly,462,0
Butterfly/google586.jpg,Butterfly,463,0
Butterfly/google587.jpg,Butterfly,464,0
Butterfly/google588.jpg,Butterfly,465,0
Butterfly/google59.jpg,Butterfly,466,0
Butterfly/google590.jpg,Butterfly,467,0
Butterfly/google591.jpg,Butterfly,468,0
Butterfly/google592.jpg,Butterfly,469,0
Butterfly/google593.jpg,Butterfly,470,0
Butterfly/google594.jpg,Butterfly,471,0
Butterfly/google595.jpg,Butterfly,472,0
Butterfly/google596.jpg,Butterfly,473,0
Butterfly/google597.jpg,Butterfly,474,0
Butterfly/google598.jpg,Butterfly,475,0
Butterfly/google6.jpg,Butterfly,476,0
Butterfly/google60.jpg,Butterfly,477,0
Butterfly/google61.jpg,Butterfly,478,0
Butterfly/google62.jpg,Butterfly,479,0
Butterfly/google63.jpg,Butterfly,480,0
Butterfly/google64.jpg,Butterfly,481,0
Butterfly/google65.jpg,Butterfly,482,0
Butterfly/google66.jpg,Butterfly,483,0
Butterfly/google67.jpg,Butterfly,484,0
Butterfly/google68.jpg,Butterfly,485,0
Butterfly/google69.jpg,Butterfly,486,0
Butterfly/google7.jpg,Butterfly,487,0
Butterfly/google70.jpg,Butterfly,488,0
Butterfly/google71.jpg,Butterfly,489,0
Butterfly/google72.jpg,Butterfly,490,0
Butterfly/google73.jpg,Butterfly,491,0
Butterfly/google74.jpg,Butterfly,492,0
Butterfly/google76.jpg,Butterfly,493,0
Butterfly/google77.jpg,Butterfly,494,0
Butterfly/google78.jpg,Butterfly,495,0
Butterfly/google79.jpg,Butterfly,496,0
Butterfly/google8.jpg,Butterfly,497,0
Butterfly/google80.jpg,Butterfly,498,0
Butterfly/google81.jpg,Butterfly,499,0
Butterfly/google82.jpg,Butterfly,500,0
Butterfly/google83.jpg,Butterfly,501,0
Butterfly/google84.jpg,Butterfly,502,0
Butterfly/google85.jpg,Butterfly,503,0
Butterfly/google86.jpg,Butterfly,504,0
Butterfly/google87.jpg,Butterfly,505,0
Butterfly/google88.jpg,Butterfly,506,0
Butterfly/google89.jpg,Butterfly,507,0
Butterfly/google9.jpg,Butterfly,508,0
Butterfly/google90.jpg,Butterfly,509,0
Butterfly/google91.jpg,Butterfly,510,0
Butterfly/google92.jpg,Butterfly,511,0
Butterfly/google93.jpg,Butterfly,512,0
Butterfly/google94.jpg,Butterfly,513,0
Butterfly/google95.jpg,Butterfly,514,0
Butterfly/google96.jpg,Butterfly,515,0
Butterfly/google97.jpg,Butterfly,516,0
Butterfly/google98.jpg,Butterfly,517,0
Butterfly/google99.jpg,Butterfly,518,0
Butterfly/istockphoto100.jpg,Butterfly,519,0
Butterfly/istockphoto101.jpg,Butterfly,520,0
Butterfly/istockphoto102.jpg,Butterfly,521,0
Butterfly/istockphoto103.jpg,Butterfly,522,0
Butterfly/istockphoto104.jpg,Butterfly,523,0
Butterfly/istockphoto105.jpg,Butterfly,524,0
Butterfly/istockphoto106.jpg,Butterfly,525,0
Butterfly/istockphoto107.jpg,Butterfly,526,0
Butterfly/istockphoto108.jpg,Butterfly,527,0
Butterfly/istockphoto109.jpg,Butterfly,528,0
Butterfly/istockphoto110.jpg,Butterfly,529,0
Butterfly/istockphoto111.jpg,Butterfly,530,0
Butterfly/istockphoto112.jpg,Butterfly,531,0
Butterfly/istockphoto113.jpg,Butterfly,532,0
Butterfly/istockphoto114.jpg,Butterfly,533,0
Butterfly/istockphoto115.jpg,Butterfly,534,0
Butterfly/istockphoto116.jpg,Butterfly,535,0
Butterfly/istockphoto117.jpg,Butterfly,536,0
Butterfly/istockphoto118.jpg,Butterfly,537,0
Butterfly/istockphoto119.jpg,Butterfly,538,0
Butterfly/istockphoto120.jpg,Butterfly,539,0
Butterfly/istockphoto121.jpg,Butterfly,540,0
Butterfly/istockphoto122.jpg,Butterfly,541,0
Butterfly/istockphoto123.jpg,Butterfly,542,0
Butterfly/istockphoto124.jpg,Butterfly,543,0
Butterfly/istockphoto125.jpg,Butterfly,544,0
Butterfly/istockphoto126.jpg,Butterfly,545,0
Butterfly/istockphoto127.jpg,Butterfly,546,0
Butterfly/istockphoto128.jpg,Butterfly,547,0
Butterfly/istockphoto129.jpg,Butterfly,548,0
Butterfly/istockphoto130.jpg,Butterfly,549,0
Butterfly/istockphoto131.jpg,Butterfly,550,0
Butterfly/istockphoto132.jpg,Butterfly,551,0
Butterfly/istockphoto134.jpg,Butterfly,552,0
Butterfly/istockphoto135.jpg,Butterfly,553,0
Butterfly/istockphoto136.jpg,Butterfly,554,0
Butterfly/istockphoto137.jpg,Butterfly,555,0
Butterfly/istockphoto138.jpg,Butterfly,556,0
Butterfly/istockphoto139.jpg,Butterfly,557,0
Butterfly/istockphoto140.jpg,Butterfly,558,0
Butterfly/istockphoto141.jpg,Butterfly,559,0
Butterfly/istockphoto142.jpg,Butterfly,560,0
Butterfly/istockphoto144.jpg,Butterfly,561,0
Butterfly/istockphoto145.jpg,Butterfly,562,0
Butterfly/istockphoto146.jpg,Butterfly,563,0
Butterfly/istockphoto147.jpg,Butterfly,564,0
Butterfly/istockphoto148.jpg,Butterfly,565,0
Butterfly/istockphoto150.jpg,Butterfly,566,0
Butterfly/istockphoto151.jpg,Butterfly,567,0
Butterfly/istockphoto152.jpg,Butterfly,568,0
Butterfly/istockphoto153.jpg,Butterfly,569,0
Butterfly/istockphoto154.jpg,Butterfly,570,0
Butterfly/istockphoto155.jpg,Butterfly,571,0
Butterfly/istockphoto156.jpg,Butterfly,572,0
Butterfly/istockphoto157.jpg,Butterfly,573,0
Butterfly/istockphoto16.jpg,Butterfly,574,0
Butterfly/istockphoto18.jpg,Butterfly,575,0
Butterfly/istockphoto180.jpg,Butterfly,576,0
Butterfly/istockphoto181.jpg,Butterfly,577,0
Butterfly/istockphoto182.jpg,Butterfly,578,0
Butterfly/istockphoto183.jpg,Butterfly,579,0
Butterfly/istockphoto184.jpg,Butterfly,580,0
Butterfly/istockphoto185.jpg,Butterfly,581,0
Butterfly/istockphoto186.jpg,Butterfly,582,0
Butterfly/istockphoto187.jpg,Butterfly,583,0
Butterfly/istockphoto188.jpg,Butterfly,584,0
Butterfly/istockphoto189.jpg,Butterfly,585,0
Butterfly/istockphoto19.jpg,Butterfly,586,0
Butterfly/istockphoto190.jpg,Butterfly,587,0
Butterfly/istockphoto191.jpg,Butterfly,588,0
Butterfly/istockphoto192.jpg,Butterfly,589,0
Butterfly/istockphoto193.jpg,Butterfly,590,0
Butterfly/istockphoto194.jpg,Butterfly,591,0
Butterfly/istockphoto195.jpg,Butterfly,592,0
Butterfly/istockphoto196.jpg,Butterfly,593,0
Butterfly/istockphoto197.jpg,Butterfly,594,0
Butterfly/istockphoto198.jpg,Butterfly,595,0
Butterfly/istockphoto199.jpg,Butterfly,596,0
Butterfly/istockphoto20.jpg,Butterfly,597,0
Butterfly/istockphoto200.jpg,Butterfly,598,0
Butterfly/istockphoto202.jpg,Butterfly,599,0
Butterfly/istockphoto203.jpg,Butterfly,600,0
Butterfly/istockphoto204.jpg,Butterfly,601,0
Butterfly/istockphoto205.jpg,Butterfly,602,0
Butterfly/istockphoto206.jpg,Butterfly,603,0
Butterfly/istockphoto207.jpg,Butterfly,604,0
Butterfly/istockphoto208.jpg,Butterfly,605,0
Butterfly/istockphoto209.jpg,Butterfly,606,0
Butterfly/istockphoto21.jpg,Butterfly,607,0
Butterfly/istockphoto210.jpg,Butterfly,608,0
Butterfly/istockphoto211.jpg,Butterfly,609,0
Butterfly/istockphoto213.jpg,Butterfly,610,0
Butterfly/istockphoto214.jpg,Butterfly,611,0
Butterfly/istockphoto215.jpg,Butterfly,612,0
Butterfly/istockphoto216.jpg,Butterfly,613,0
Butterfly/istockphoto217.jpg,Butterfly,614,0
Butterfly/istockphoto218.jpg,Butterfly,615,0
Butterfly/istockphoto219.jpg,Butterfly,616,0
Butterfly/istockphoto22.jpg,Butterfly,617,0
Butterfly/istockphoto220.jpg,Butterfly,618,0
Butterfly/istockphoto221.jpg,Butterfly,619,0
Butterfly/istockphoto222.jpg,Butterfly,620,0
Butterfly/istockphoto223.jpg,Butterfly,621,0
Butterfly/istockphoto224.jpg,Butterfly,622,0
Butterfly/istockphoto225.jpg,Butterfly,623,0
Butterfly/istockphoto226.jpg,Butterfly,624,0
Butterfly/istockphoto227.jpg,Butterfly,625,0
Butterfly/istockphoto228.jpg,Butterfly,626,0
Butterfly/istockphoto229.jpg,Butterfly,627,0
Butterfly/istockphoto23.jpg,Butterfly,628,0
Butterfly/istockphoto230.jpg,Butterfly,629,0
Butterfly/istockphoto231.jpg,Butterfly,630,0
Butterfly/istockphoto232.jpg,Butterfly,631,0
Butterfly/istockphoto233.jpg,Butterfly,632,0
Butterfly/istockphoto234.jpg,Butterfly,633,0
Butterfly/istockphoto235.jpg,Butterfly,634,0
Butterfly/istockphoto238.jpg,Butterfly,635,0
Butterfly/istockphoto24.jpg,Butterfly,636,0
Butterfly/istockphoto25.jpg,Butterfly,637,0
Butterfly/istockphoto260.jpg,Butterfly,638,0
Butterfly/istockphoto261.jpg,Butterfly,639,0
Butterfly/istockphoto262.jpg,Butterfly,640,0
Butterfly/istockphoto263.jpg,Butterfly,641,0
Butterfly/istockphoto264.jpg,Butterfly,642,0
Butterfly/istockphoto265.jpg,Butterfly,643,0
Butterfly/istockphoto267.jpg,Butterfly,644,0
Butterfly/istockphoto268.jpg,Butterfly,645,0
Butterfly/istockphoto269.jpg,Butterfly,646,0
Butterfly/istockphoto27.jpg,Butterfly,647,0
Butterfly/istockphoto270.jpg,Butterfly,648,0
Butterfly/istockphoto271.jpg,Butterfly,649,0
Butterfly/istockphoto272.jpg,Butterfly,650,0
Butterfly/istockphoto273.jpg,Butterfly,651,0
Butterfly/istockphoto274.jpg,Butterfly,652,0
Butterfly/istockphoto275.jpg,Butterfly,653,0
Butterfly/istockphoto277.jpg,Butterfly,654,0
Butterfly/istockphoto278.jpg,Butterfly,655,0
Butterfly/istockphoto28.jpg,Butterfly,656,0
Butterfly/istockphoto281.jpg,Butterfly,657,0
Butterfly/istockphoto283.jpg,Butterfly,658,0
Butterfly/istockphoto284.jpg,Butterfly,659,0
Butterfly/istockphoto287.jpg,Butterfly,660,0
Butterfly/istockphoto289.jpg,Butterfly,661,0
Butterfly/istockphoto290.jpg,Butterfly,662,0
Butterfly/istockphoto291.jpg,Butterfly,663,0
Butterfly/istockphoto292.jpg,Butterfly,664,0
Butterfly/istockphoto294.jpg,Butterfly,665,0
Butterfly/istockphoto295.jpg,Butterfly,666,0
Butterfly/istockphoto296.jpg,Butterfly,667,0
Butterfly/istockphoto297.jpg,Butterfly,668,0
Butterfly/istockphoto298.jpg,Butterfly,669,0
Butterfly/istockphoto299.jpg,Butterfly,670,0
Butterfly/istockphoto30.jpg,Butterfly,671,0
Butterfly/istockphoto303.jpg,Butterfly,672,0
Butterfly/istockphoto304.jpg,Butterfly,673,0
Butterfly/istockphoto306.jpg,Butterfly,674,0
Butterfly/istockphoto307.jpg,Butterfly,675,0
Butterfly/istockphoto308.jpg,Butterfly,676,0
Butterfly/istockphoto31.jpg,Butterfly,677,0
Butterfly/istockphoto310.jpg,Butterfly,678,0
Butterfly/istockphoto311.jpg,Butterfly,679,0
Butterfly/istockphoto312.jpg,Butterfly,680,0
Butterfly/istockphoto313.jpg,Butterfly,681,0
Butterfly/istockphoto314.jpg,Butterfly,682,0
Butterfly/istockphoto315.jpg,Butterfly,683,0
Butterfly/istockphoto316.jpg,Butterfly,684,0
Butterfly/istockphoto318.jpg,Butterfly,685,0
Butterfly/istockphoto32.jpg,Butterfly,686,0
Butterfly/istockphoto342.jpg,Butterfly,687,0
Butterfly/istockphoto343.jpg,Butterfly,688,0
Butterfly/istockphoto344.jpg,Butterfly,689,0
Butterfly/istockphoto345.jpg,Butterfly,690,0
Butterfly/istockphoto346.jpg,Butterfly,691,0
Butterfly/istockphoto348.jpg,Butterfly,692,0
Butterfly/istockphoto349.jpg,Butterfly,693,0
Butterfly/istockphoto35.jpg,Butterfly,694,0
Butterfly/istockphoto350.jpg,Butterfly,695,0
Butterfly/istockphoto351.jpg,Butterfly,696,0
Butterfly/istockphoto352.jpg,Butterfly,697,0
Butterfly/istockphoto353.jpg,Butterfly,698,0
Butterfly/istockphoto354.jpg,Butterfly,699,0
Butterfly/istockphoto355.jpg,Butterfly,700,0
Butterfly/istockphoto356.jpg,Butterfly,701,0
Butterfly/istockphoto358.jpg,Butterfly,702,0
Butterfly/istockphoto359.jpg,Butterfly,703,0
Butterfly/istockphoto36.jpg,Butterfly,704,0
Butterfly/istockphoto361.jpg,Butterfly,705,0
Butterfly/istockphoto363.jpg,Butterfly,706,0
Butterfly/istockphoto365.jpg,Butterfly,707,0
Butterfly/istockphoto366.jpg,Butterfly,708,0
Butterfly/istockphoto367.jpg,Butterfly,709,0
Butterfly/istockphoto368.jpg,Butterfly,710,0
Butterfly/istockphoto369.jpg,Butterfly,711,0
Butterfly/istockphoto37.jpg,Butterfly,712,0
Butterfly/istockphoto370.jpg,Butterfly,713,0
Butterfly/istockphoto371.jpg,Butterfly,714,0
Butterfly/istockphoto372.jpg,Butterfly,715,0
Butterfly/istockphoto373.jpg,Butterfly,716,0
Butterfly/istockphoto374.jpg,Butterfly,717,0
Butterfly/istockphoto375.jpg,Butterfly,718,0
Butterfly/istockphoto376.jpg,Butterfly,719,0
Butterfly/istockphoto377.jpg,Butterfly,720,0
Butterfly/istockphoto378.jpg,Butterfly,721,0
Butterfly/istockphoto379.jpg,Butterfly,722,0
Butterfly/istockphoto38.jpg,Butterfly,723,0
Butterfly/istockphoto381.jpg,Butterfly,724,0
Butterfly/istockphoto382.jpg,Butterfly,725,0
Butterfly/istockphoto383.jpg,Butterfly,726,0
Butterfly/istockphoto384.jpg,Butterfly,727,0
Butterfly/istockphoto385.jpg,Butterfly,728,0
Butterfly/istockphoto386.jpg,Butterfly,729,0
Butterfly/istockphoto387.jpg,Butterfly,730,0
Butterfly/istockphoto388.jpg,Butterfly,731,0
Butterfly/istockphoto389.jpg,Butterfly,732,0
Butterfly/istockphoto39.jpg,Butterfly,733,0
Butterfly/istockphoto390.jpg,Butterfly,734,0
Butterfly/istockphoto391.jpg,Butterfly,735,0
Butterfly/istockphoto393.jpg,Butterfly,736,0
Butterfly/istockphoto394.jpg,Butterfly,737,0
Butterfly/istockphoto395.jpg,Butterfly,738,0
Butterfly/istockphoto396.jpg,Butterfly,739,0
Butterfly/istockphoto397.jpg,Butterfly,740,0
Butterfly/istockphoto398.jpg,Butterfly,741,0
Butterfly/istockphoto399.jpg,Butterfly,742,0
Butterfly/istockphoto400.jpg,Butterfly,743,0
Butterfly/istockphoto41.jpg,Butterfly,744,0
Butterfly/istockphoto42.jpg,Butterfly,745,0
Butterfly/istockphoto421.jpg,Butterfly,746,0
Butterfly/istockphoto422.jpg,Butterfly,747,0
Butterfly/istockphoto424.jpg,Butterfly,748,0
Butterfly/istockphoto425.jpg,Butterfly,749,0
Butterfly/istockphoto426.jpg,Butterfly,750,0
Butterfly/istockphoto427.jpg,Butterfly,751,0
Butterfly/istockphoto428.jpg,Butterfly,752,0
Butterfly/istockphoto429.jpg,Butterfly,753,0
Butterfly/istockphoto43.jpg,Butterfly,754,0
Butterfly/istockphoto430.jpg,Butterfly,755,0
Butterfly/istockphoto432.jpg,Butterfly,756,0
Butterfly/istockphoto433.jpg,Butterfly,757,0
Butterfly/istockphoto435.jpg,Butterfly,758,0
Butterfly/istockphoto436.jpg,Butterfly,759,0
Butterfly/istockphoto438.jpg,Butterfly,760,0
Butterfly/istockphoto439.jpg,Butterfly,761,0
Butterfly/istockphoto44.jpg,Butterfly,762,0
Butterfly/istockphoto441.jpg,Butterfly,763,0
Butterfly/istockphoto442.jpg,Butterfly,764,0
Butterfly/istockphoto443.jpg,Butterfly,765,0
Butterfly/istockphoto444.jpg,Butterfly,766,0
Butterfly/istockphoto445.jpg,Butterfly,767,0
Butterfly/istockphoto446.jpg,Butterfly,768,0
Butterfly/istockphoto447.jpg,Butterfly,769,0
Butterfly/istockphoto45.jpg,Butterfly,770,0
Butterfly/istockphoto450.jpg,Butterfly,771,0
Butterfly/istockphoto451.jpg,Butterfly,772,0
Butterfly/istockphoto452.jpg,Butterfly,773,0
Butterfly/istockphoto453.jpg,Butterfly,774,0
Butterfly/istockphoto456.jpg,Butterfly,775,0
Butterfly/istockphoto457.jpg,Butterfly,776,0
Butterfly/istockphoto458.jpg,Butterfly,777,0
Butterfly/istockphoto46.jpg,Butterfly,778,0
Butterfly/istockphoto460.jpg,Butterfly,779,0
Butterfly/istockphoto461.jpg,Butterfly,780,0
Butterfly/istockphoto463.jpg,Butterfly,781,0
Butterfly/istockphoto465.jpg,Butterfly,782,0
Butterfly/istockphoto467.jpg,Butterfly,783,0
Butterfly/istockphoto47.jpg,Butterfly,784,0
Butterfly/istockphoto471.jpg,Butterfly,785,0
Butterfly/istockphoto472.jpg,Butterfly,786,0
Butterfly/istockphoto474.jpg,Butterfly,787,0
Butterfly/istockphoto475.jpg,Butterfly,788,0
Butterfly/istockphoto478.jpg,Butterfly,789,0
Butterfly/istockphoto480.jpg,Butterfly,790,0
Butterfly/istockphoto49.jpg,Butterfly,791,0
Butterfly/istockphoto50.jpg,Butterfly,792,0
Butterfly/istockphoto502.jpg,Butterfly,793,0
Butterfly/istockphoto503.jpg,Butterfly,794,0
Butterfly/istockphoto504.jpg,Butterfly,795,0
Butterfly/istockphoto505.jpg,Butterfly,796,0
Butterfly/istockphoto51.jpg,Butterfly,797,0
Butterfly/istockphoto511.jpg,Butterfly,798,0
Butterfly/istockphoto512.jpg,Butterfly,799,0
Butterfly/istockphoto514.jpg,Butterfly,800,0
Butterfly/istockphoto516.jpg,Butterfly,801,0
Butterfly/istockphoto518.jpg,Butterfly,802,0
Butterfly/istockphoto52.jpg,Butterfly,803,0
Butterfly/istockphoto520.jpg,Butterfly,804,0
Butterfly/istockphoto521.jpg,Butterfly,805,0
Butterfly/istockphoto522.jpg,Butterfly,806,0
Butterfly/istockphoto523.jpg,Butterfly,807,0
Butterfly/istockphoto524.jpg,Butterfly,808,0
Butterfly/istockphoto525.jpg,Butterfly,809,0
Butterfly/istockphoto526.jpg,Butterfly,810,0
Butterfly/istockphoto528.jpg,Butterfly,811,0
Butterfly/istockphoto529.jpg,Butterfly,812,0
Butterfly/istockphoto53.jpg,Butterfly,813,0
Butterfly/istockphoto530.jpg,Butterfly,814,0
Butterfly/istockphoto531.jpg,Butterfly,815,0
Butterfly/istockphoto532.jpg,Butterfly,816,0
Butterfly/istockphoto533.jpg,Butterfly,817,0
Butterfly/istockphoto534.jpg,Butterfly,818,0
Butterfly/istockphoto535.jpg,Butterfly,819,0
Butterfly/istockphoto536.jpg,Butterfly,820,0
Butterfly/istockphoto537.jpg,Butterfly,821,0
Butterfly/istockphoto538.jpg,Butterfly,822,0
Butterfly/istockphoto54.jpg,Butterfly,823,0
Butterfly/istockphoto540.jpg,Butterfly,824,0
Butterfly/istockphoto541.jpg,Butterfly,825,0
Butterfly/istockphoto544.jpg,Butterfly,826,0
Butterfly/istockphoto545.jpg,Butterfly,827,0
Butterfly/istockphoto546.jpg,Butterfly,828,0
Butterfly/istockphoto547.jpg,Butterfly,829,0
Butterfly/istockphoto549.jpg,Butterfly,830,0
Butterfly/istockphoto55.jpg,Butterfly,831,0
Butterfly/istockphoto550.jpg,Butterfly,832,0
Butterfly/istockphoto552.jpg,Butterfly,833,0
Butterfly/istockphoto553.jpg,Butterfly,834,0
Butterfly/istockphoto554.jpg,Butterfly,835,0
Butterfly/istockphoto555.jpg,Butterfly,836,0
Butterfly/istockphoto556.jpg,Butterfly,837,0
Butterfly/istockphoto558.jpg,Butterfly,838,0
Butterfly/istockphoto559.jpg,Butterfly,839,0
Butterfly/istockphoto56.jpg,Butterfly,840,0
Butterfly/istockphoto560.jpg,Butterfly,841,0
Butterfly/istockphoto561.jpg,Butterfly,842,0
Butterfly/istockphoto562.jpg,Butterfly,843,0
Butterfly/istockphoto583.jpg,Butterfly,844,0
Butterfly/istockphoto585.jpg,Butterfly,845,0
Butterfly/istockphoto586.jpg,Butterfly,846,0
Butterfly/istockphoto588.jpg,Butterfly,847,0
Butterfly/istockphoto59.jpg,Butterfly,848,0
Butterfly/istockphoto590.jpg,Butterfly,849,0
Butterfly/istockphoto591.jpg,Butterfly,850,0
Butterfly/istockphoto592.jpg,Butterfly,851,0
Butterfly/istockphoto593.jpg,Butterfly,852,0
Butterfly/istockphoto594.jpg,Butterfly,853,0
Butterfly/istockphoto596.jpg,Butterfly,854,0
Butterfly/istockphoto597.jpg,Butterfly,855,0
Butterfly/istockphoto598.jpg,Butterfly,856,0
Butterfly/istockphoto600.jpg,Butterfly,857,0
Butterfly/istockphoto602.jpg,Butterfly,858,0
Butterfly/istockphoto605.jpg,Butterfly,859,0
Butterfly/istockphoto606.jpg,Butterfly,860,0
Butterfly/istockphoto607.jpg,Butterfly,861,0
Butterfly/istockphoto609.jpg,Butterfly,862,0
Butterfly/istockphoto61.jpg,Butterfly,863,0
Butterfly/istockphoto610.jpg,Butterfly,864,0
Butterfly/istockphoto611.jpg,Butterfly,865,0
Butterfly/istockphoto612.jpg,Butterfly,866,0
Butterfly/istockphoto613.jpg,Butterfly,867,0
Butterfly/istockphoto614.jpg,Butterfly,868,0
Butterfly/istockphoto615.jpg,Butterfly,869,0
Butterfly/istockphoto616.jpg,Butterfly,870,0
Butterfly/istockphoto617.jpg,Butterfly,871,0
Butterfly/istockphoto618.jpg,Butterfly,872,0
Butterfly/istockphoto62.jpg,Butterfly,873,0
Butterfly/istockphoto623.jpg,Butterfly,874,0
Butterfly/istockphoto627.jpg,Butterfly,875,0
Butterfly/istockphoto628.jpg,Butterfly,876,0
Butterfly/istockphoto63.jpg,Butterfly,877,0
Butterfly/istockphoto631.jpg,Butterfly,878,0
Butterfly/istockphoto632.jpg,Butterfly,879,0
Butterfly/istockphoto633.jpg,Butterfly,880,0
Butterfly/istockphoto634.jpg,Butterfly,881,0
Butterfly/istockphoto635.jpg,Butterfly,882,0
Butterfly/istockphoto637.jpg,Butterfly,883,0
Butterfly/istockphoto639.jpg,Butterfly,884,0
Butterfly/istockphoto64.jpg,Butterfly,885,0
Butterfly/istockphoto640.jpg,Butterfly,886,0
Butterfly/istockphoto642.jpg,Butterfly,887,0
Butterfly/istockphoto65.jpg,Butterfly,888,0
Butterfly/istockphoto66.jpg,Butterfly,889,0
Butterfly/istockphoto67.jpg,Butterfly,890,0
Butterfly/istockphoto68.jpg,Butterfly,891,0
Butterfly/istockphoto69.jpg,Butterfly,892,0
Butterfly/istockphoto70.jpg,Butterfly,893,0
Butterfly/istockphoto72.jpg,Butterfly,894,0
Butterfly/istockphoto75.jpg,Butterfly,895,0
Butterfly/istockphoto76.jpg,Butterfly,896,0
Butterfly/istockphoto97.jpg,Butterfly,897,0
Butterfly/istockphoto99.jpg,Butterfly,898,0
Dragonfly/google0.jpg,Dragonfly,0,1
Dragonfly/google1.jpg,Dragonfly,1,1
Dragonfly/google10.jpg,Dragonfly,2,1
Dragonfly/google100.jpg,Dragonfly,3,1
Dragonfly/google101.jpg,Dragonfly,4,1
Dragonfly/google102.jpg,Dragonfly,5,1
Dragonfly/google103.jpg,Dragonfly,6,1
Dragonfly/google104.jpg,Dragonfly,7,1
Dragonfly/google105.jpg,Dragonfly,8,1
Dragonfly/google106.jpg,Dragonfly,9,1
Dragonfly/google107.jpg,Dragonfly,10,1
Dragonfly/google108.jpg,Dragonfly,11,1
Dragonfly/google109.jpg,Dragonfly,12,1
Dragonfly/google11.jpg,Dragonfly,13,1
Dragonfly/google110.jpg,Dragonfly,14,1
Dragonfly/google111.jpg,Dragonfly,15,1
Dragonfly/google112.jpg,Dragonfly,16,1
Dragonfly/google113.jpg,Dragonfly,17,1
Dragonfly/google114.jpg,Dragonfly,18,1
Dragonfly/google115.jpg,Dragonfly,19,1
Dragonfly/google116.jpg,Dragonfly,20,1
Dragonfly/google117.jpg,Dragonfly,21,1
Dragonfly/google118.jpg,Dragonfly,22,1
Dragonfly/google119.jpg,Dragonfly,23,1
Dragonfly/google12.jpg,Dragonfly,24,1
Dragonfly/google120.jpg,Dragonfly,25,1
Dragonfly/google121.jpg,Dragonfly,26,1
Dragonfly/google122.jpg,Dragonfly,27,1
Dragonfly/google123.jpg,Dragonfly,28,1
Dragonfly/google124.jpg,Dragonfly,29,1
Dragonfly/google125.jpg,Dragonfly,30,1
Dragonfly/google126.jpg,Dragonfly,31,1
Dragonfly/google127.jpg,Dragonfly,32,1
Dragonfly/google128.jpg,Dragonfly,33,1
Dragonfly/google129.jpg,Dragonfly,34,1
Dragonfly/google13.jpg,Dragonfly,35,1
Dragonfly/google130.jpg,Dragonfly,36,1
Dragonfly/google131.jpg,Dragonfly,37,1
Dragonfly/google132.jpg,Dragonfly,38,1
Dragonfly/google133.jpg,Dragonfly,39,1
Dragonfly/google134.jpg,Dragonfly,40,1
Dragonfly/google135.jpg,Dragonfly,41,1
Dragonfly/google136.jpg,Dragonfly,42,1
Dragonfly/google137.jpg,Dragonfly,43,1
Dragonfly/google138.jpg,Dragonfly,44,1
Dragonfly/google139.jpg,Dragonfly,45,1
Dragonfly/google14.jpg,Dragonfly,46,1
Dragonfly/google140.jpg,Dragonfly,47,1
Dragonfly/google141.jpg,Dragonfly,48,1
Dragonfly/google142.jpg,Dragonfly,49,1
Dragonfly/google143.jpg,Dragonfly,50,1
Dragonfly/google144.jpg,Dragonfly,51,1
Dragonfly/google145.jpg,Dragonfly,52,1
Dragonfly/google146.jpg,Dragonfly,53,1
Dragonfly/google147.jpg,Dragonfly,54,1
Dragonfly/google148.jpg,Dragonfly,55,1
Dragonfly/google149.jpg,Dragonfly,56,1
Dragonfly/google15.jpg,Dragonfly,57,1
Dragonfly/google150.jpg,Dragonfly,58,1
Dragonfly/google151.jpg,Dragonfly,59,1
Dragonfly/google152.jpg,Dragonfly,60,1
Dragonfly/google153.jpg,Dragonfly,61,1
Dragonfly/google154.jpg,Dragonfly,62,1
Dragonfly/google155.jpg,Dragonfly,63,1
Dragonfly/google156.jpg,Dragonfly,64,1
Dragonfly/google157.jpg,Dragonfly,65,1
Dragonfly/google158.jpg,Dragonfly,66,1
Dragonfly/google159.jpg,Dragonfly,67,1
Dragonfly/google16.jpg,Dragonfly,68,1
Dragonfly/google160.jpg,Dragonfly,69,1
Dragonfly/google161.jpg,Dragonfly,70,1
Dragonfly/google162.jpg,Dragonfly,71,1
Dragonfly/google163.jpg,Dragonfly,72,1
Dragonfly/google164.jpg,Dragonfly,73,1
Dragonfly/google165.jpg,Dragonfly,74,1
Dragonfly/google166.jpg,Dragonfly,75,1
Dragonfly/google167.jpg,Dragonfly,76,1
Dragonfly/google168.jpg,Dragonfly,77,1
Dragonfly/google169.jpg,Dragonfly,78,1
Dragonfly/google17.jpg,Dragonfly,79,1
Dragonfly/google170.jpg,Dragonfly,80,1
Dragonfly/google171.jpg,Dragonfly,81,1
Dragonfly/google172.jpg,Dragonfly,82,1
Dragonfly/google173.jpg,Dragonfly,83,1
Dragonfly/google174.jpg,Dragonfly,84,1
Dragonfly/google175.jpg,Dragonfly,85,1
Dragonfly/google176.jpg,Dragonfly,86,1
Dragonfly/google177.jpg,Dragonfly,87,1
Dragonfly/google178.jpg,Dragonfly,88,1
Dragonfly/google179.jpg,Dragonfly,89,1
Dragonfly/google18.jpg,Dragonfly,90,1
Dragonfly/google180.jpg,Dragonfly,91,1
Dragonfly/google181.jpg,Dragonfly,92,1
Dragonfly/google182.jpg,Dragonfly,93,1
Dragonfly/google183.jpg,Dragonfly,94,1
Dragonfly/google184.jpg,Dragonfly,95,1
Dragonfly/google185.jpg,Dragonfly,96,1
Dragonfly/google186.jpg,Dragonfly,97,1
Dragonfly/google187.jpg,Dragonfly,98,1
Dragonfly/google188.jpg,Dragonfly,99,1
Dragonfly/google189.jpg,Dragonfly,100,1
Dragonfly/google19.jpg,Dragonfly,101,1
Dragonfly/google190.jpg,Dragonfly,102,1
Dragonfly/google191.jpg,Dragonfly,103,1
Dragonfly/google193.jpg,Dragonfly,104,1
Dragonfly/google194.jpg,Dragonfly,105,1
Dragonfly/google195.jpg,Dragonfly,106,1
Dragonfly/google196.jpg,Dragonfly,107,1
Dragonfly/google197.jpg,Dragonfly,108,1
Dragonfly/google198.jpg,Dragonfly,109,1
Dragonfly/google199.jpg,Dragonfly,110,1
Dragonfly/google2.jpg,Dragonfly,111,1
Dragonfly/google20.jpg,Dragonfly,112,1
Dragonfly/google200.jpg,Dragonfly,113,1
Dragonfly/google201.jpg,Dragonfly,114,1
Dragonfly/google202.jpg,Dragonfly,115,1
Dragonfly/google203.jpg,Dragonfly,116,1
Dragonfly/google204.jpg,Dragonfly,117,1
Dragonfly/google205.jpg,Dragonfly,118,1
Dragonfly/google206.jpg,Dragonfly,119,1
Dragonfly/google207.jpg,Dragonfly,120,1
Dragonfly/google208.jpg,Dragonfly,121,1
Dragonfly/google209.jpg,Dragonfly,122,1
Dragonfly/google21.jpg,Dragonfly,123,1
Dragonfly/google210.jpg,Dragonfly,124,1
Dragonfly/google211.jpg,Dragonfly,125,1
Dragonfly/google212.jpg,Dragonfly,126,1
Dragonfly/google213.jpg,Dragonfly,127,1
Dragonfly/google214.jpg,Dragonfly,128,1
Dragonfly/google215.jpg,Dragonfly,129,1
Dragonfly/google216.jpg,Dragonfly,130,1
Dragonfly/google217.jpg,Dragonfly,131,1
Dragonfly/google218.jpg,Dragonfly,132,1
Dragonfly/google219.jpg,Dragonfly,133,1
Dragonfly/google22.jpg,Dragonfly,134,1
Dragonfly/google220.jpg,Dragonfly,135,1
Dragonfly/google221.jpg,Dragonfly,136,1
Dragonfly/google222.jpg,Dragonfly,137,1
Dragonfly/google223.jpg,Dragonfly,138,1
Dragonfly/google224.jpg,Dragonfly,139,1
Dragonfly/google225.jpg,Dragonfly,140,1
Dragonfly/google226.jpg,Dragonfly,141,1
Dragonfly/google227.jpg,Dragonfly,142,1
Dragonfly/google228.jpg,Dragonfly,143,1
Dragonfly/google229.jpg,Dragonfly,144,1
Dragonfly/google23.jpg,Dragonfly,145,1
Dragonfly/google230.jpg,Dragonfly,146,1
Dragonfly/google231.jpg,Dragonfly,147,1
Dragonfly/google232.jpg,Dragonfly,148,1
Dragonfly/google233.jpg,Dragonfly,149,1
Dragonfly/google234.jpg,Dragonfly,150,1
Dragonfly/google235.jpg,Dragonfly,151,1
Dragonfly/google236.jpg,Dragonfly,152,1
Dragonfly/google237.jpg,Dragonfly,153,1
Dragonfly/google238.jpg,Dragonfly,154,1
Dragonfly/google239.jpg,Dragonfly,155,1
Dragonfly/google24.jpg,Dragonfly,156,1
Dragonfly/google240.jpg,Dragonfly,157,1
Dragonfly/google241.jpg,Dragonfly,158,1
Dragonfly/google242.jpg,Dragonfly,159,1
Dragonfly/google243.jpg,Dragonfly,160,1
Dragonfly/google244.jpg,Dragonfly,161,1
Dragonfly/google245.jpg,Dragonfly,162,1
Dragonfly/google246.jpg,Dragonfly,163,1
Dragonfly/google247.jpg,Dragonfly,164,1
Dragonfly/google248.jpg,Dragonfly,165,1
Dragonfly/google249.jpg,Dragonfly,166,1
Dragonfly/google25.jpg,Dragonfly,167,1
Dragonfly/google250.jpg,Dragonfly,168,1
Dragonfly/google251.jpg,Dragonfly,169,1
Dragonfly/google252.jpg,Dragonfly,170,1
Dragonfly/google253.jpg,Dragonfly,171,1
Dragonfly/google254.jpg,Dragonfly,172,1
Dragonfly/google255.jpg,Dragonfly,173,1
Dragonfly/google256.jpg,Dragonfly,174,1
Dragonfly/google257.jpg,Dragonfly,175,1
Dragonfly/google258.jpg,Dragonfly,176,1
Dragonfly/google259.jpg,Dragonfly,177,1
Dragonfly/google26.jpg,Dragonfly,178,1
Dragonfly/google260.jpg,Dragonfly,179,1
Dragonfly/google261.jpg,Dragonfly,180,1
Dragonfly/google262.jpg,Dragonfly,181,1
Dragonfly/google263.jpg,Dragonfly,182,1
Dragonfly/google264.jpg,Dragonfly,183,1
Dragonfly/google265.jpg,Dragonfly,184,1
Dragonfly/google266.jpg,Dragonfly,185,1
Dragonfly/google267.jpg,Dragonfly,186,1
Dragonfly/google268.jpg,Dragonfly,187,1
Dragonfly/google269.jpg,Dragonfly,188,1
Dragonfly/google27.jpg,Dragonfly,189,1
Dragonfly/google270.jpg,Dragonfly,190,1
Dragonfly/google271.jpg,Dragonfly,191,1
Dragonfly/google272.jpg,Dragonfly,192,1
Dragonfly/google273.jpg,Dragonfly,193,1
Dragonfly/google274.jpg,Dragonfly,194,1
Dragonfly/google275.jpg,Dragonfly,195,1
Dragonfly/google276.jpg,Dragonfly,196,1
Dragonfly/google277.jpg,Dragonfly,197,1
Dragonfly/google278.jpg,Dragonfly,198,1
Dragonfly/google279.jpg,Dragonfly,199,1
Dragonfly/google28.jpg,Dragonfly,200,1
Dragonfly/google280.jpg,Dragonfly,201,1
Dragonfly/google281.jpg,Dragonfly,202,1
Dragonfly/google282.jpg,Dragonfly,203,1
Dragonfly/google283.jpg,Dragonfly,204,1
Dragonfly/google284.jpg,Dragonfly,205,1
Dragonfly/google285.jpg,Dragonfly,206,1
Dragonfly/google286.jpg,Dragonfly,207,1
Dragonfly/google287.jpg,Dragonfly,208,1
Dragonfly/google288.jpg,Dragonfly,209,1
Dragonfly/google289.jpg,Dragonfly,210,1
Dragonfly/google29.jpg,Dragonfly,211,1
Dragonfly/google290.jpg,Dragonfly,212,1
Dragonfly/google291.jpg,Dragonfly,213,1
Dragonfly/google292.jpg,Dragonfly,214,1
Dragonfly/google293.jpg,Dragonfly,215,1
Dragonfly/google294.jpg,Dragonfly,216,1
Dragonfly/google295.jpg,Dragonfly,217,1
Dragonfly/google296.jpg,Dragonfly,218,1
Dragonfly/google297.jpg,Dragonfly,219,1
Dragonfly/google298.jpg,Dragonfly,220,1
Dragonfly/google299.jpg,Dragonfly,221,1
Dragonfly/google3.jpg,Dragonfly,222,1
Dragonfly/google30.jpg,Dragonfly,223,1
Dragonfly/google300.jpg,Dragonfly,224,1
Dragonfly/google301.jpg,Dragonfly,225,1
Dragonfly/google302.jpg,Dragonfly,226,1
Dragonfly/google303.jpg,Dragonfly,227,1
Dragonfly/google304.jpg,Dragonfly,228,1
Dragonfly/google305.jpg,Dragonfly,229,1
Dragonfly/google306.jpg,Dragonfly,230,1
Dragonfly/google307.jpg,Dragonfly,231,1
Dragonfly/google308.jpg,Dragonfly,232,1
Dragonfly/google309.jpg,Dragonfly,233,1
Dragonfly/google31.jpg,Dragonfly,234,1
Dragonfly/google310.jpg,Dragonfly,235,1
Dragonfly/google311.jpg,Dragonfly,236,1
Dragonfly/google312.jpg,Dragonfly,237,1
Dragonfly/google313.jpg,Dragonfly,238,1
Dragonfly/google314.jpg,Dragonfly,239,1
Dragonfly/google315.jpg,Dragonfly,240,1
Dragonfly/google316.jpg,Dragonfly,241,1
Dragonfly/google317.jpg,Dragonfly,242,1
Dragonfly/google318.jpg,Dragonfly,243,1
Dragonfly/google319.jpg,Dragonfly,244,1
Dragonfly/google32.jpg,Dragonfly,245,1
Dragonfly/google322.jpg,Dragonfly,246,1
Dragonfly/google323.jpg,Dragonfly,247,1
Dragonfly/google324.jpg,Dragonfly,248,1
Dragonfly/google325.jpg,Dragonfly,249,1
Dragonfly/google326.jpg,Dragonfly,250,1
Dragonfly/google327.jpg,Dragonfly,251,1
Dragonfly/google328.jpg,Dragonfly,252,1
Dragonfly/google329.jpg,Dragonfly,253,1
Dragonfly/google33.jpg,Dragonfly,254,1
Dragonfly/google330.jpg,Dragonfly,255,1
Dragonfly/google331.jpg,Dragonfly,256,1
Dragonfly/google332.jpg,Dragonfly,257,1
Dragonfly/google333.jpg,Dragonfly,258,1
Dragonfly/google334.jpg,Dragonfly,259,1
Dragonfly/google335.jpg,Dragonfly,260,1
Dragonfly/google336.jpg,Dragonfly,261,1
Dragonfly/google337.jpg,Dragonfly,262,1
Dragonfly/google338.jpg,Dragonfly,263,1
Dragonfly/google339.jpg,Dragonfly,264,1
Dragonfly/google34.jpg,Dragonfly,265,1
Dragonfly/google340.jpg,Dragonfly,266,1
Dragonfly/google341.jpg,Dragonfly,267,1
Dragonfly/google342.jpg,Dragonfly,268,1
Dragonfly/google343.jpg,Dragonfly,269,1
Dragonfly/google344.jpg,Dragonfly,270,1
Dragonfly/google345.jpg,Dragonfly,271,1
Dragonfly/google346.jpg,Dragonfly,272,1
Dragonfly/google347.jpg,Dragonfly,273,1
Dragonfly/google348.jpg,Dragonfly,274,1
Dragonfly/google349.jpg,Dragonfly,275,1
Dragonfly/google35.jpg,Dragonfly,276,1
Dragonfly/google350.jpg,Dragonfly,277,1
Dragonfly/google351.jpg,Dragonfly,278,1
Dragonfly/google352.jpg,Dragonfly,279,1
Dragonfly/google353.jpg,Dragonfly,280,1
Dragonfly/google354.jpg,Dragonfly,281,1
Dragonfly/google355.jpg,Dragonfly,282,1
Dragonfly/google356.jpg,Dragonfly,283,1
Dragonfly/google357.jpg,Dragonfly,284,1
Dragonfly/google358.jpg,Dragonfly,285,1
Dragonfly/google359.jpg,Dragonfly,286,1
Dragonfly/google36.jpg,Dragonfly,287,1
Dragonfly/google360.jpg,Dragonfly,288,1
Dragonfly/google361.jpg,Dragonfly,289,1
Dragonfly/google362.jpg,Dragonfly,290,1
Dragonfly/google363.jpg,Dragonfly,291,1
Dragonfly/google364.jpg,Dragonfly,292,1
Dragonfly/google365.jpg,Dragonfly,293,1
Dragonfly/google366.jpg,Dragonfly,294,1
Dragonfly/google367.jpg,Dragonfly,295,1
Dragonfly/google368.jpg,Dragonfly,296,1
Dragonfly/google369.jpg,Dragonfly,297,1
Dragonfly/google37.jpg,Dragonfly,298,1
Dragonfly/google370.jpg,Dragonfly,299,1
Dragonfly/google371.jpg,Dragonfly,300,1
Dragonfly/google372.jpg,Dragonfly,301,1
Dragonfly/google373.jpg,Dragonfly,302,1
Dragonfly/google374.jpg,Dragonfly,303,1
Dragonfly/google375.jpg,Dragonfly,304,1
Dragonfly/google376.jpg,Dragonfly,305,1
Dragonfly/google377.jpg,Dragonfly,306,1
Dragonfly/google378.jpg,Dragonfly,307,1
Dragonfly/google379.jpg,Dragonfly,308,1
Dragonfly/google38.jpg,Dragonfly,309,1
Dragonfly/google380.jpg,Dragonfly,310,1
Dragonfly/google381.jpg,Dragonfly,311,1
Dragonfly/google382.jpg,Dragonfly,312,1
Dragonfly/google383.jpg,Dragonfly,313,1
Dragonfly/google384.jpg,Dragonfly,314,1
Dragonfly/google385.jpg,Dragonfly,315,1
Dragonfly/google386.jpg,Dragonfly,316,1
Dragonfly/google387.jpg,Dragonfly,317,1
Dragonfly/google388.jpg,Dragonfly,318,1
Dragonfly/google389.jpg,Dragonfly,319,1
Dragonfly/google39.jpg,Dragonfly,320,1
Dragonfly/google390.jpg,Dragonfly,321,1
Dragonfly/google391.jpg,Dragonfly,322,1
Dragonfly/google392.jpg,Dragonfly,323,1
Dragonfly/google393.jpg,Dragonfly,324,1
Dragonfly/google394.jpg,Dragonfly,325,1
Dragonfly/google395.jpg,Dragonfly,326,1
Dragonfly/google396.jpg,Dragonfly,327,1
Dragonfly/google397.jpg,Dragonfly,328,1
Dragonfly/google398.jpg,Dragonfly,329,1
Dragonfly/google399.jpg,Dragonfly,330,1
Dragonfly/google4.jpg,Dragonfly,331,1
Dragonfly/google40.jpg,Dragonfly,332,1
Dragonfly/google400.jpg,Dragonfly,333,1
Dragonfly/google401.jpg,Dragonfly,334,1
Dragonfly/google402.jpg,Dragonfly,335,1
Dragonfly/google403.jpg,Dragonfly,336,1
Dragonfly/google404.jpg,Dragonfly,337,1
Dragonfly/google405.jpg,Dragonfly,338,1
Dragonfly/google406.jpg,Dragonfly,339,1
Dragonfly/google407.jpg,Dragonfly,340,1
Dragonfly/google408.jpg,Dragonfly,341,1
Dragonfly/google409.jpg,Dragonfly,342,1
Dragonfly/google41.jpg,Dragonfly,343,1
Dragonfly/google410.jpg,Dragonfly,344,1
Dragonfly/google411.jpg,Dragonfly,345,1
Dragonfly/google412.jpg,Dragonfly,346,1
Dragonfly/google413.jpg,Dragonfly,347,1
Dragonfly/google414.jpg,Dragonfly,348,1
Dragonfly/google415.jpg,Dragonfly,349,1
Dragonfly/google416.jpg,Dragonfly,350,1
Dragonfly/google417.jpg,Dragonfly,351,1
Dragonfly/google418.jpg,Dragonfly,352,1
Dragonfly/google419.jpg,Dragonfly,353,1
Dragonfly/google42.jpg,Dragonfly,354,1
Dragonfly/google420.jpg,Dragonfly,355,1
Dragonfly/google421.jpg,Dragonfly,356,1
Dragonfly/google422.jpg,Dragonfly,357,1
Dragonfly/google423.jpg,Dragonfly,358,1
Dragonfly/google424.jpg,Dragonfly,359,1
Dragonfly/google425.jpg,Dragonfly,360,1
Dragonfly/google426.jpg,Dragonfly,361,1
Dragonfly/google427.jpg,Dragonfly,362,1
Dragonfly/google428.jpg,Dragonfly,363,1
Dragonfly/google429.jpg,Dragonfly,364,1
Dragonfly/google43.jpg,Dragonfly,365,1
Dragonfly/google430.jpg,Dragonfly,366,1
Dragonfly/google431.jpg,Dragonfly,367,1
Dragonfly/google432.jpg,Dragonfly,368,1
Dragonfly/google433.jpg,Dragonfly,369,1
Dragonfly/google434.jpg,Dragonfly,370,1
Dragonfly/google435.jpg,Dragonfly,371,1
Dragonfly/google436.jpg,Dragonfly,372,1
Dragonfly/google437.jpg,Dragonfly,373,1
Dragonfly/google438.jpg,Dragonfly,374,1
Dragonfly/google439.jpg,Dragonfly,375,1
Dragonfly/google44.jpg,Dragonfly,376,1
Dragonfly/google440.jpg,Dragonfly,377,1
Dragonfly/google441.jpg,Dragonfly,378,1
Dragonfly/google442.jpg,Dragonfly,379,1
Dragonfly/google443.jpg,Dragonfly,380,1
Dragonfly/google444.jpg,Dragonfly,381,1
Dragonfly/google445.jpg,Dragonfly,382,1
Dragonfly/google446.jpg,Dragonfly,383,1
Dragonfly/google447.jpg,Dragonfly,384,1
Dragonfly/google448.jpg,Dragonfly,385,1
Dragonfly/google449.jpg,Dragonfly,386,1
Dragonfly/google45.jpg,Dragonfly,387,1
Dragonfly/google450.jpg,Dragonfly,388,1
Dragonfly/google451.jpg,Dragonfly,389,1
Dragonfly/google452.jpg,Dragonfly,390,1
Dragonfly/google453.jpg,Dragonfly,391,1
Dragonfly/google454.jpg,Dragonfly,392,1
Dragonfly/google455.jpg,Dragonfly,393,1
Dragonfly/google456.jpg,Dragonfly,394,1
Dragonfly/google457.jpg,Dragonfly,395,1
Dragonfly/google458.jpg,Dragonfly,396,1
Dragonfly/google459.jpg,Dragonfly,397,1
Dragonfly/google46.jpg,Dragonfly,398,1
Dragonfly/google460.jpg,Dragonfly,399,1
Dragonfly/google461.jpg,Dragonfly,400,1
Dragonfly/google462.jpg,Dragonfly,401,1
Dragonfly/google464.jpg,Dragonfly,402,1
Dragonfly/google465.jpg,Dragonfly,403,1
Dragonfly/google466.jpg,Dragonfly,404,1
Dragonfly/google467.jpg,Dragonfly,405,1
Dragonfly/google468.jpg,Dragonfly,406,1
Dragonfly/google469.jpg,Dragonfly,407,1
Dragonfly/google47.jpg,Dragonfly,408,1
Dragonfly/google470.jpg,Dragonfly,409,1
Dragonfly/google471.jpg,Dragonfly,410,1
Dragonfly/google472.jpg,Dragonfly,411,1
Dragonfly/google473.jpg,Dragonfly,412,1
Dragonfly/google474.jpg,Dragonfly,413,1
Dragonfly/google475.jpg,Dragonfly,414,1
Dragonfly/google476.jpg,Dragonfly,415,1
Dragonfly/google477.jpg,Dragonfly,416,1
Dragonfly/google478.jpg,Dragonfly,417,1
Dragonfly/google479.jpg,Dragonfly,418,1
Dragonfly/google48.jpg,Dragonfly,419,1
Dragonfly/google480.jpg,Dragonfly,420,1
Dragonfly/google481.jpg,Dragonfly,421,1
Dragonfly/google482.jpg,Dragonfly,422,1
Dragonfly/google483.jpg,Dragonfly,423,1
Dragonfly/google484.jpg,Dragonfly,424,1
Dragonfly/google485.jpg,Dragonfly,425,1
Dragonfly/google488.jpg,Dragonfly,426,1
Dragonfly/google489.jpg,Dragonfly,427,1
Dragonfly/google49.jpg,Dragonfly,428,1
Dragonfly/google490.jpg,Dragonfly,429,1
Dragonfly/google491.jpg,Dragonfly,430,1
Dragonfly/google492.jpg,Dragonfly,431,1
Dragonfly/google493.jpg,Dragonfly,432,1
Dragonfly/google495.jpg,Dragonfly,433,1
Dragonfly/google496.jpg,Dragonfly,434,1
Dragonfly/google497.jpg,Dragonfly,435,1
Dragonfly/google498.jpg,Dragonfly,436,1
Dragonfly/google499.jpg,Dragonfly,437,1
Dragonfly/google5.jpg,Dragonfly,438,1
Dragonfly/google50.jpg,Dragonfly,439,1
Dragonfly/google500.jpg,Dragonfly,440,1
Dragonfly/google501.jpg,Dragonfly,441,1
Dragonfly/google502.jpg,Dragonfly,442,1
Dragonfly/google503.jpg,Dragonfly,443,1
Dragonfly/google504.jpg,Dragonfly,444,1
Dragonfly/google505.jpg,Dragonfly,445,1
Dragonfly/google506.jpg,Dragonfly,446,1
Dragonfly/google507.jpg,Dragonfly,447,1
Dragonfly/google508.jpg,Dragonfly,448,1
Dragonfly/google509.jpg,Dragonfly,449,1
Dragonfly/google51.jpg,Dragonfly,450,1
Dragonfly/google510.jpg,Dragonfly,451,1
Dragonfly/google511.jpg,Dragonfly,452,1
Dragonfly/google512.jpg,Dragonfly,453,1
Dragonfly/google513.jpg,Dragonfly,454,1
Dragonfly/google514.jpg,Dragonfly,455,1
Dragonfly/google515.jpg,Dragonfly,456,1
Dragonfly/google516.jpg,Dragonfly,457,1
Dragonfly/google517.jpg,Dragonfly,458,1
Dragonfly/google518.jpg,Dragonfly,459,1
Dragonfly/google519.jpg,Dragonfly,460,1
Dragonfly/google52.jpg,Dragonfly,461,1
Dragonfly/google520.jpg,Dragonfly,462,1
Dragonfly/google521.jpg,Dragonfly,463,1
Dragonfly/google522.jpg,Dragonfly,464,1
Dragonfly/google523.jpg,Dragonfly,465,1
Dragonfly/google524.jpg,Dragonfly,466,1
Dragonfly/google525.jpg,Dragonfly,467,1
Dragonfly/google526.jpg,Dragonfly,468,1
Dragonfly/google527.jpg,Dragonfly,469,1
Dragonfly/google528.jpg,Dragonfly,470,1
Dragonfly/google529.jpg,Dragonfly,471,1
Dragonfly/google53.jpg,Dragonfly,472,1
Dragonfly/google530.jpg,Dragonfly,473,1
Dragonfly/google531.jpg,Dragonfly,474,1
Dragonfly/google532.jpg,Dragonfly,475,1
Dragonfly/google533.jpg,Dragonfly,476,1
Dragonfly/google534.jpg,Dragonfly,477,1
Dragonfly/google535.jpg,Dragonfly,478,1
Dragonfly/google536.jpg,Dragonfly,479,1
Dragonfly/google537.jpg,Dragonfly,480,1
Dragonfly/google538.jpg,Dragonfly,481,1
Dragonfly/google539.jpg,Dragonfly,482,1
Dragonfly/google54.jpg,Dragonfly,483,1
Dragonfly/google540.jpg,Dragonfly,484,1
Dragonfly/google541.jpg,Dragonfly,485,1
Dragonfly/google543.jpg,Dragonfly,486,1
Dragonfly/google544.jpg,Dragonfly,487,1
Dragonfly/google545.jpg,Dragonfly,488,1
Dragonfly/google546.jpg,Dragonfly,489,1
Dragonfly/google547.jpg,Dragonfly,490,1
Dragonfly/google549.jpg,Dragonfly,491,1
Dragonfly/google55.jpg,Dragonfly,492,1
Dragonfly/google550.jpg,Dragonfly,493,1
Dragonfly/google551.jpg,Dragonfly,494,1
Dragonfly/google552.jpg,Dragonfly,495,1
Dragonfly/google553.jpg,Dragonfly,496,1
Dragonfly/google554.jpg,Dragonfly,497,1
Dragonfly/google555.jpg,Dragonfly,498,1
Dragonfly/google556.jpg,Dragonfly,499,1
Dragonfly/google557.jpg,Dragonfly,500,1
Dragonfly/google558.jpg,Dragonfly,501,1
Dragonfly/google559.jpg,Dragonfly,502,1
Dragonfly/google56.jpg,Dragonfly,503,1
Dragonfly/google560.jpg,Dragonfly,504,1
Dragonfly/google561.jpg,Dragonfly,505,1
Dragonfly/google562.jpg,Dragonfly,506,1
Dragonfly/google563.jpg,Dragonfly,507,1
Dragonfly/google564.jpg,Dragonfly,508,1
Dragonfly/google565.jpg,Dragonfly,509,1
Dragonfly/google566.jpg,Dragonfly,510,1
Dragonfly/google567.jpg,Dragonfly,511,1
Dragonfly/google568.jpg,Dragonfly,512,1
Dragonfly/google569.jpg,Dragonfly,513,1
Dragonfly/google57.jpg,Dragonfly,514,1
Dragonfly/google570.jpg,Dragonfly,515,1
Dragonfly/google571.jpg,Dragonfly,516,1
Dragonfly/google572.jpg,Dragonfly,517,1
Dragonfly/google573.jpg,Dragonfly,518,1
Dragonfly/google574.jpg,Dragonfly,519,1
Dragonfly/google575.jpg,Dragonfly,520,1
Dragonfly/google577.jpg,Dragonfly,521,1
Dragonfly/google578.jpg,Dragonfly,522,1
Dragonfly/google579.jpg,Dragonfly,523,1
Dragonfly/google58.jpg,Dragonfly,524,1
Dragonfly/google580.jpg,Dragonfly,525,1
Dragonfly/google581.jpg,Dragonfly,526,1
Dragonfly/google582.jpg,Dragonfly,527,1
Dragonfly/google583.jpg,Dragonfly,528,1
Dragonfly/google584.jpg,Dragonfly,529,1
Dragonfly/google585.jpg,Dragonfly,530,1
Dragonfly/google586.jpg,Dragonfly,531,1
Dragonfly/google588.jpg,Dragonfly,532,1
Dragonfly/google59.jpg,Dragonfly,533,1
Dragonfly/google591.jpg,Dragonfly,534,1
Dragonfly/google592.jpg,Dragonfly,535,1
Dragonfly/google593.jpg,Dragonfly,536,1
Dragonfly/google594.jpg,Dragonfly,537,1
Dragonfly/google595.jpg,Dragonfly,538,1
Dragonfly/google596.jpg,Dragonfly,539,1
Dragonfly/google597.jpg,Dragonfly,540,1
Dragonfly/google598.jpg,Dragonfly,541,1
Dragonfly/google599.jpg,Dragonfly,542,1
Dragonfly/google6.jpg,Dragonfly,543,1
Dragonfly/google60.jpg,Dragonfly,544,1
Dragonfly/google600.jpg,Dragonfly,545,1
Dragonfly/google601.jpg,Dragonfly,546,1
Dragonfly/google602.jpg,Dragonfly,547,1
Dragonfly/google603.jpg,Dragonfly,548,1
Dragonfly/google604.jpg,Dragonfly,549,1
Dragonfly/google605.jpg,Dragonfly,550,1
Dragonfly/google606.jpg,Dragonfly,551,1
Dragonfly/google607.jpg,Dragonfly,552,1
Dragonfly/google608.jpg,Dragonfly,553,1
Dragonfly/google609.jpg,Dragonfly,554,1
Dragonfly/google61.jpg,Dragonfly,555,1
Dragonfly/google610.jpg,Dragonfly,556,1
Dragonfly/google611.jpg,Dragonfly,557,1
Dragonfly/google612.jpg,Dragonfly,558,1
Dragonfly/google613.jpg,Dragonfly,559,1
Dragonfly/google614.jpg,Dragonfly,560,1
Dragonfly/google615.jpg,Dragonfly,561,1
Dragonfly/google616.jpg,Dragonfly,562,1
Dragonfly/google617.jpg,Dragonfly,563,1
Dragonfly/google618.jpg,Dragonfly,564,1
Dragonfly/google619.jpg,Dragonfly,565,1
Dragonfly/google62.jpg,Dragonfly,566,1
Dragonfly/google620.jpg,Dragonfly,567,1
Dragonfly/google621.jpg,Dragonfly,568,1
Dragonfly/google622.jpg,Dragonfly,569,1
Dragonfly/google623.jpg,Dragonfly,570,1
Dragonfly/google624.jpg,Dragonfly,571,1
Dragonfly/google625.jpg,Dragonfly,572,1
Dragonfly/google626.jpg,Dragonfly,573,1
Dragonfly/google627.jpg,Dragonfly,574,1
Dragonfly/google628.jpg,Dragonfly,575,1
Dragonfly/google63.jpg,Dragonfly,576,1
Dragonfly/google630.jpg,Dragonfly,577,1
Dragonfly/google631.jpg,Dragonfly,578,1
Dragonfly/google632.jpg,Dragonfly,579,1
Dragonfly/google633.jpg,Dragonfly,580,1
Dragonfly/google634.jpg,Dragonfly,581,1
Dragonfly/google635.jpg,Dragonfly,582,1
Dragonfly/google636.jpg,Dragonfly,583,1
Dragonfly/google637.jpg,Dragonfly,584,1
Dragonfly/google639.jpg,Dragonfly,585,1
Dragonfly/google64.jpg,Dragonfly,586,1
Dragonfly/google640.jpg,Dragonfly,587,1
Dragonfly/google641.jpg,Dragonfly,588,1
Dragonfly/google642.jpg,Dragonfly,589,1
Dragonfly/google643.jpg,Dragonfly,590,1
Dragonfly/google644.jpg,Dragonfly,591,1
Dragonfly/google646.jpg,Dragonfly,592,1
Dragonfly/google647.jpg,Dragonfly,593,1
Dragonfly/google648.jpg,Dragonfly,594,1
Dragonfly/google649.jpg,Dragonfly,595,1
Dragonfly/google65.jpg,Dragonfly,596,1
Dragonfly/google650.jpg,Dragonfly,597,1
Dragonfly/google651.jpg,Dragonfly,598,1
Dragonfly/google652.jpg,Dragonfly,599,1
Dragonfly/google653.jpg,Dragonfly,600,1
Dragonfly/google654.jpg,Dragonfly,601,1
Dragonfly/google655.jpg,Dragonfly,602,1
Dragonfly/google658.jpg,Dragonfly,603,1
Dragonfly/google659.jpg,Dragonfly,604,1
Dragonfly/google66.jpg,Dragonfly,605,1
Dragonfly/google67.jpg,Dragonfly,606,1
Dragonfly/google68.jpg,Dragonfly,607,1
Dragonfly/google69.jpg,Dragonfly,608,1
Dragonfly/google7.jpg,Dragonfly,609,1
Dragonfly/google70.jpg,Dragonfly,610,1
Dragonfly/google71.jpg,Dragonfly,611,1
Dragonfly/google72.jpg,Dragonfly,612,1
Dragonfly/google74.jpg,Dragonfly,613,1
Dragonfly/google75.jpg,Dragonfly,614,1
Dragonfly/google76.jpg,Dragonfly,615,1
Dragonfly/google77.jpg,Dragonfly,616,1
Dragonfly/google78.jpg,Dragonfly,617,1
Dragonfly/google79.jpg,Dragonfly,618,1
Dragonfly/google8.jpg,Dragonfly,619,1
Dragonfly/google80.jpg,Dragonfly,620,1
Dragonfly/google82.jpg,Dragonfly,621,1
Dragonfly/google83.jpg,Dragonfly,622,1
Dragonfly/google84.jpg,Dragonfly,623,1
Dragonfly/google85.jpg,Dragonfly,624,1
Dragonfly/google86.jpg,Dragonfly,625,1
Dragonfly/google87.jpg,Dragonfly,626,1
Dragonfly/google88.jpg,Dragonfly,627,1
Dragonfly/google89.jpg,Dragonfly,628,1
Dragonfly/google9.jpg,Dragonfly,629,1
Dragonfly/google90.jpg,Dragonfly,630,1
Dragonfly/google91.jpg,Dragonfly,631,1
Dragonfly/google92.jpg,Dragonfly,632,1
Dragonfly/google93.jpg,Dragonfly,633,1
Dragonfly/google94.jpg,Dragonfly,634,1
Dragonfly/google95.jpg,Dragonfly,635,1
Dragonfly/google96.jpg,Dragonfly,636,1
Dragonfly/google97.jpg,Dragonfly,637,1
Dragonfly/google98.jpg,Dragonfly,638,1
Dragonfly/google99.jpg,Dragonfly,639,1
Dragonfly/istockphoto100.jpg,Dragonfly,640,1
Dragonfly/istockphoto101.jpg,Dragonfly,641,1
Dragonfly/istockphoto102.jpg,Dragonfly,642,1
Dragonfly/istockphoto103.jpg,Dragonfly,643,1
Dragonfly/istockphoto104.jpg,Dragonfly,644,1
Dragonfly/istockphoto105.jpg,Dragonfly,645,1
Dragonfly/istockphoto106.jpg,Dragonfly,646,1
Dragonfly/istockphoto107.jpg,Dragonfly,647,1
Dragonfly/istockphoto108.jpg,Dragonfly,648,1
Dragonfly/istockphoto109.jpg,Dragonfly,649,1
Dragonfly/istockphoto110.jpg,Dragonfly,650,1
Dragonfly/istockphoto111.jpg,Dragonfly,651,1
Dragonfly/istockphoto112.jpg,Dragonfly,652,1
Dragonfly/istockphoto113.jpg,Dragonfly,653,1
Dragonfly/istockphoto114.jpg,Dragonfly,654,1
Dragonfly/istockphoto115.jpg,Dragonfly,655,1
Dragonfly/istockphoto116.jpg,Dragonfly,656,1
Dragonfly/istockphoto117.jpg,Dragonfly,657,1
Dragonfly/istockphoto118.jpg,Dragonfly,658,1
Dragonfly/istockphoto121.jpg,Dragonfly,659,1
Dragonfly/istockphoto122.jpg,Dragonfly,660,1
Dragonfly/istockphoto123.jpg,Dragonfly,661,1
Dragonfly/istockphoto124.jpg,Dragonfly,662,1
Dragonfly/istockphoto125.jpg,Dragonfly,663,1
Dragonfly/istockphoto126.jpg,Dragonfly,664,1
Dragonfly/istockphoto127.jpg,Dragonfly,665,1
Dragonfly/istockphoto128.jpg,Dragonfly,666,1
Dragonfly/istockphoto129.jpg,Dragonfly,667,1
Dragonfly/istockphoto130.jpg,Dragonfly,668,1
Dragonfly/istockphoto131.jpg,Dragonfly,669,1
Dragonfly/istockphoto132.jpg,Dragonfly,670,1
Dragonfly/istockphoto133.jpg,Dragonfly,671,1
Dragonfly/istockphoto134.jpg,Dragonfly,672,1
Dragonfly/istockphoto137.jpg,Dragonfly,673,1
Dragonfly/istockphoto139.jpg,Dragonfly,674,1
Dragonfly/istockphoto141.jpg,Dragonfly,675,1
Dragonfly/istockphoto144.jpg,Dragonfly,676,1
Dragonfly/istockphoto145.jpg,Dragonfly,677,1
Dragonfly/istockphoto146.jpg,Dragonfly,678,1
Dragonfly/istockphoto147.jpg,Dragonfly,679,1
Dragonfly/istockphoto148.jpg,Dragonfly,680,1
Dragonfly/istockphoto150.jpg,Dragonfly,681,1
Dragonfly/istockphoto151.jpg,Dragonfly,682,1
Dragonfly/istockphoto152.jpg,Dragonfly,683,1
Dragonfly/istockphoto153.jpg,Dragonfly,684,1
Dragonfly/istockphoto156.jpg,Dragonfly,685,1
Dragonfly/istockphoto17.jpg,Dragonfly,686,1
Dragonfly/istockphoto178.jpg,Dragonfly,687,1
Dragonfly/istockphoto18.jpg,Dragonfly,688,1
Dragonfly/istockphoto180.jpg,Dragonfly,689,1
Dragonfly/istockphoto181.jpg,Dragonfly,690,1
Dragonfly/istockphoto182.jpg,Dragonfly,691,1
Dragonfly/istockphoto183.jpg,Dragonfly,692,1
Dragonfly/istockphoto184.jpg,Dragonfly,693,1
Dragonfly/istockphoto185.jpg,Dragonfly,694,1
Dragonfly/istockphoto186.jpg,Dragonfly,695,1
Dragonfly/istockphoto187.jpg,Dragonfly,696,1
Dragonfly/istockphoto188.jpg,Dragonfly,697,1
Dragonfly/istockphoto19.jpg,Dragonfly,698,1
Dragonfly/istockphoto190.jpg,Dragonfly,699,1
Dragonfly/istockphoto191.jpg,Dragonfly,700,1
Dragonfly/istockphoto192.jpg,Dragonfly,701,1
Dragonfly/istockphoto193.jpg,Dragonfly,702,1
Dragonfly/istockphoto194.jpg,Dragonfly,703,1
Dragonfly/istockphoto195.jpg,Dragonfly,704,1
Dragonfly/istockphoto196.jpg,Dragonfly,705,1
Dragonfly/istockphoto197.jpg,Dragonfly,706,1
Dragonfly/istockphoto198.jpg,Dragonfly,707,1
Dragonfly/istockphoto199.jpg,Dragonfly,708,1
Dragonfly/istockphoto200.jpg,Dragonfly,709,1
Dragonfly/istockphoto201.jpg,Dragonfly,710,1
Dragonfly/istockphoto202.jpg,Dragonfly,711,1
Dragonfly/istockphoto203.jpg,Dragonfly,712,1
Dragonfly/istockphoto205.jpg,Dragonfly,713,1
Dragonfly/istockphoto206.jpg,Dragonfly,714,1
Dragonfly/istockphoto207.jpg,Dragonfly,715,1
Dragonfly/istockphoto208.jpg,Dragonfly,716,1
Dragonfly/istockphoto209.jpg,Dragonfly,717,1
Dragonfly/istockphoto21.jpg,Dragonfly,718,1
Dragonfly/istockphoto210.jpg,Dragonfly,719,1
Dragonfly/istockphoto211.jpg,Dragonfly,720,1
Dragonfly/istockphoto213.jpg,Dragonfly,721,1
Dragonfly/istockphoto215.jpg,Dragonfly,722,1
Dragonfly/istockphoto216.jpg,Dragonfly,723,1
Dragonfly/istockphoto217.jpg,Dragonfly,724,1
Dragonfly/istockphoto218.jpg,Dragonfly,725,1
Dragonfly/istockphoto219.jpg,Dragonfly,726,1
Dragonfly/istockphoto22.jpg,Dragonfly,727,1
Dragonfly/istockphoto220.jpg,Dragonfly,728,1
Dragonfly/istockphoto223.jpg,Dragonfly,729,1
Dragonfly/istockphoto224.jpg,Dragonfly,730,1
Dragonfly/istockphoto225.jpg,Dragonfly,731,1
Dragonfly/istockphoto226.jpg,Dragonfly,732,1
Dragonfly/istockphoto227.jpg,Dragonfly,733,1
Dragonfly/istockphoto228.jpg,Dragonfly,734,1
Dragonfly/istockphoto229.jpg,Dragonfly,735,1
Dragonfly/istockphoto23.jpg,Dragonfly,736,1
Dragonfly/istockphoto230.jpg,Dragonfly,737,1
Dragonfly/istockphoto231.jpg,Dragonfly,738,1
Dragonfly/istockphoto232.jpg,Dragonfly,739,1
Dragonfly/istockphoto233.jpg,Dragonfly,740,1
Dragonfly/istockphoto234.jpg,Dragonfly,741,1
Dragonfly/istockphoto235.jpg,Dragonfly,742,1
Dragonfly/istockphoto236.jpg,Dragonfly,743,1
Dragonfly/istockphoto238.jpg,Dragonfly,744,1
Dragonfly/istockphoto24.jpg,Dragonfly,745,1
Dragonfly/istockphoto259.jpg,Dragonfly,746,1
Dragonfly/istockphoto26.jpg,Dragonfly,747,1
Dragonfly/istockphoto261.jpg,Dragonfly,748,1
Dragonfly/istockphoto262.jpg,Dragonfly,749,1
Dragonfly/istockphoto263.jpg,Dragonfly,750,1
Dragonfly/istockphoto264.jpg,Dragonfly,751,1
Dragonfly/istockphoto265.jpg,Dragonfly,752,1
Dragonfly/istockphoto266.jpg,Dragonfly,753,1
Dragonfly/istockphoto267.jpg,Dragonfly,754,1
Dragonfly/istockphoto268.jpg,Dragonfly,755,1
Dragonfly/istockphoto269.jpg,Dragonfly,756,1
Dragonfly/istockphoto27.jpg,Dragonfly,757,1
Dragonfly/istockphoto270.jpg,Dragonfly,758,1
Dragonfly/istockphoto271.jpg,Dragonfly,759,1
Dragonfly/istockphoto273.jpg,Dragonfly,760,1
Dragonfly/istockphoto274.jpg,Dragonfly,761,1
Dragonfly/istockphoto275.jpg,Dragonfly,762,1
Dragonfly/istockphoto276.jpg,Dragonfly,763,1
Dragonfly/istockphoto277.jpg,Dragonfly,764,1
Dragonfly/istockphoto278.jpg,Dragonfly,765,1
Dragonfly/istockphoto279.jpg,Dragonfly,766,1
Dragonfly/istockphoto28.jpg,Dragonfly,767,1
Dragonfly/istockphoto280.jpg,Dragonfly,768,1
Dragonfly/istockphoto281.jpg,Dragonfly,769,1
Dragonfly/istockphoto282.jpg,Dragonfly,770,1
Dragonfly/istockphoto283.jpg,Dragonfly,771,1
Dragonfly/istockphoto284.jpg,Dragonfly,772,1
Dragonfly/istockphoto285.jpg,Dragonfly,773,1
Dragonfly/istockphoto286.jpg,Dragonfly,774,1
Dragonfly/istockphoto287.jpg,Dragonfly,775,1
Dragonfly/istockphoto288.jpg,Dragonfly,776,1
Dragonfly/istockphoto289.jpg,Dragonfly,777,1
Dragonfly/istockphoto29.jpg,Dragonfly,778,1
Dragonfly/istockphoto290.jpg,Dragonfly,779,1
Dragonfly/istockphoto291.jpg,Dragonfly,780,1
Dragonfly/istockphoto292.jpg,Dragonfly,781,1
Dragonfly/istockphoto293.jpg,Dragonfly,782,1
Dragonfly/istockphoto294.jpg,Dragonfly,783,1
Dragonfly/istockphoto295.jpg,Dragonfly,784,1
Dragonfly/istockphoto296.jpg,Dragonfly,785,1
Dragonfly/istockphoto297.jpg,Dragonfly,786,1
Dragonfly/istockphoto298.jpg,Dragonfly,787,1
Dragonfly/istockphoto299.jpg,Dragonfly,788,1
Dragonfly/istockphoto30.jpg,Dragonfly,789,1
Dragonfly/istockphoto300.jpg,Dragonfly,790,1
Dragonfly/istockphoto301.jpg,Dragonfly,791,1
Dragonfly/istockphoto302.jpg,Dragonfly,792,1
Dragonfly/istockphoto303.jpg,Dragonfly,793,1
Dragonfly/istockphoto304.jpg,Dragonfly,794,1
Dragonfly/istockphoto305.jpg,Dragonfly,795,1
Dragonfly/istockphoto306.jpg,Dragonfly,796,1
Dragonfly/istockphoto307.jpg,Dragonfly,797,1
Dragonfly/istockphoto308.jpg,Dragonfly,798,1
Dragonfly/istockphoto309.jpg,Dragonfly,799,1
Dragonfly/istockphoto31.jpg,Dragonfly,800,1
Dragonfly/istockphoto310.jpg,Dragonfly,801,1
Dragonfly/istockphoto311.jpg,Dragonfly,802,1
Dragonfly/istockphoto312.jpg,Dragonfly,803,1
Dragonfly/istockphoto313.jpg,Dragonfly,804,1
Dragonfly/istockphoto315.jpg,Dragonfly,805,1
Dragonfly/istockphoto316.jpg,Dragonfly,806,1
Dragonfly/istockphoto317.jpg,Dragonfly,807,1
Dragonfly/istockphoto318.jpg,Dragonfly,808,1
Dragonfly/istockphoto32.jpg,Dragonfly,809,1
Dragonfly/istockphoto33.jpg,Dragonfly,810,1
Dragonfly/istockphoto34.jpg,Dragonfly,811,1
Dragonfly/istockphoto340.jpg,Dragonfly,812,1
Dragonfly/istockphoto341.jpg,Dragonfly,813,1
Dragonfly/istockphoto342.jpg,Dragonfly,814,1
Dragonfly/istockphoto343.jpg,Dragonfly,815,1
Dragonfly/istockphoto344.jpg,Dragonfly,816,1
Dragonfly/istockphoto345.jpg,Dragonfly,817,1
Dragonfly/istockphoto348.jpg,Dragonfly,818,1
Dragonfly/istockphoto35.jpg,Dragonfly,819,1
Dragonfly/istockphoto350.jpg,Dragonfly,820,1
Dragonfly/istockphoto351.jpg,Dragonfly,821,1
Dragonfly/istockphoto352.jpg,Dragonfly,822,1
Dragonfly/istockphoto355.jpg,Dragonfly,823,1
Dragonfly/istockphoto356.jpg,Dragonfly,824,1
Dragonfly/istockphoto357.jpg,Dragonfly,825,1
Dragonfly/istockphoto358.jpg,Dragonfly,826,1
Dragonfly/istockphoto359.jpg,Dragonfly,827,1
Dragonfly/istockphoto36.jpg,Dragonfly,828,1
Dragonfly/istockphoto360.jpg,Dragonfly,829,1
Dragonfly/istockphoto361.jpg,Dragonfly,830,1
Dragonfly/istockphoto362.jpg,Dragonfly,831,1
Dragonfly/istockphoto365.jpg,Dragonfly,832,1
Dragonfly/istockphoto366.jpg,Dragonfly,833,1
Dragonfly/istockphoto367.jpg,Dragonfly,834,1
Dragonfly/istockphoto369.jpg,Dragonfly,835,1
Dragonfly/istockphoto37.jpg,Dragonfly,836,1
Dragonfly/istockphoto370.jpg,Dragonfly,837,1
Dragonfly/istockphoto371.jpg,Dragonfly,838,1
Dragonfly/istockphoto372.jpg,Dragonfly,839,1
Dragonfly/istockphoto373.jpg,Dragonfly,840,1
Dragonfly/istockphoto374.jpg,Dragonfly,841,1
Dragonfly/istockphoto375.jpg,Dragonfly,842,1
Dragonfly/istockphoto376.jpg,Dragonfly,843,1
Dragonfly/istockphoto377.jpg,Dragonfly,844,1
Dragonfly/istockphoto378.jpg,Dragonfly,845,1
Dragonfly/istockphoto379.jpg,Dragonfly,846,1
Dragonfly/istockphoto38.jpg,Dragonfly,847,1
Dragonfly/istockphoto380.jpg,Dragonfly,848,1
Dragonfly/istockphoto381.jpg,Dragonfly,849,1
Dragonfly/istockphoto382.jpg,Dragonfly,850,1
Dragonfly/istockphoto383.jpg,Dragonfly,851,1
Dragonfly/istockphoto385.jpg,Dragonfly,852,1
Dragonfly/istockphoto386.jpg,Dragonfly,853,1
Dragonfly/istockphoto387.jpg,Dragonfly,854,1
Dragonfly/istockphoto388.jpg,Dragonfly,855,1
Dragonfly/istockphoto390.jpg,Dragonfly,856,1
Dragonfly/istockphoto391.jpg,Dragonfly,857,1
Dragonfly/istockphoto392.jpg,Dragonfly,858,1
Dragonfly/istockphoto394.jpg,Dragonfly,859,1
Dragonfly/istockphoto396.jpg,Dragonfly,860,1
Dragonfly/istockphoto397.jpg,Dragonfly,861,1
Dragonfly/istockphoto398.jpg,Dragonfly,862,1
Dragonfly/istockphoto399.jpg,Dragonfly,863,1
Dragonfly/istockphoto40.jpg,Dragonfly,864,1
Dragonfly/istockphoto41.jpg,Dragonfly,865,1
Dragonfly/istockphoto42.jpg,Dragonfly,866,1
Dragonfly/istockphoto420.jpg,Dragonfly,867,1
Dragonfly/istockphoto421.jpg,Dragonfly,868,1
Dragonfly/istockphoto43.jpg,Dragonfly,869,1
Dragonfly/istockphoto44.jpg,Dragonfly,870,1
Dragonfly/istockphoto45.jpg,Dragonfly,871,1
Dragonfly/istockphoto46.jpg,Dragonfly,872,1
Dragonfly/istockphoto47.jpg,Dragonfly,873,1
Dragonfly/istockphoto49.jpg,Dragonfly,874,1
Dragonfly/istockphoto51.jpg,Dragonfly,875,1
Dragonfly/istockphoto52.jpg,Dragonfly,876,1
Dragonfly/istockphoto55.jpg,Dragonfly,877,1
Dragonfly/istockphoto56.jpg,Dragonfly,878,1
Dragonfly/istockphoto57.jpg,Dragonfly,879,1
Dragonfly/istockphoto59.jpg,Dragonfly,880,1
Dragonfly/istockphoto60.jpg,Dragonfly,881,1
Dragonfly/istockphoto61.jpg,Dragonfly,882,1
Dragonfly/istockphoto62.jpg,Dragonfly,883,1
Dragonfly/istockphoto63.jpg,Dragonfly,884,1
Dragonfly/istockphoto64.jpg,Dragonfly,885,1
Dragonfly/istockphoto65.jpg,Dragonfly,886,1
Dragonfly/istockphoto66.jpg,Dragonfly,887,1
Dragonfly/istockphoto67.jpg,Dragonfly,888,1
Dragonfly/istockphoto68.jpg,Dragonfly,889,1
Dragonfly/istockphoto70.jpg,Dragonfly,890,1
Dragonfly/istockphoto71.jpg,Dragonfly,891,1
Dragonfly/istockphoto72.jpg,Dragonfly,892,1
Dragonfly/istockphoto73.jpg,Dragonfly,893,1
Dragonfly/istockphoto74.jpg,Dragonfly,894,1
Dragonfly/istockphoto75.jpg,Dragonfly,895,1
Dragonfly/istockphoto76.jpg,Dragonfly,896,1
Dragonfly/istockphoto98.jpg,Dragonfly,897,1
Dragonfly/istockphoto99.jpg,Dragonfly,898,1
C:/Users/furka/Desktop/Image_processing/material_/insect/Butterfly_demo/google3.jpg,None,0,1
